[Licensing::Module] Trying to connect to existing licensing client channel...
Built from '6000.2/respin/6000.2.8f1-e4064264ae96' branch; Version is '6000.2.8f1 (c9992ac36c34) revision 13211946'; Using compiler version '194234433'; Build Type 'Release'
[Licensing::IpcConnector] Successfully connected to: "LicenseClient-makc0" at "2025-10-18T12:37:06.7635561Z"
OS: 'Windows 11  (10.0.26100) 64bit Core' Language: 'uk' Physical Memory: 16091 MB
BatchMode: 1, IsHumanControllingUs: 0, StartBugReporterOnCrash: 0, Is64bit: 1
Date: 2025-10-18T12:37:06Z

COMMAND LINE ARGUMENTS:
C:\Program Files\Unity\Hub\Editor\6000.2.8f1\Editor\Unity.exe
-adb2
-batchMode
-noUpm
-name
AssetImportWorker3
-projectPath
C:/Maxim/Lapin AMK/Peliohjelmointi - R504TL108-3007/Task_C
-logFile
Logs/AssetImportWorker3.log
-srvPort
53233
-job-worker-count
5
-background-job-worker-count
8
-gc-helper-count
1
-name
AssetImport
Successfully changed project path to: C:/Maxim/Lapin AMK/Peliohjelmointi - R504TL108-3007/Task_C
C:/Maxim/Lapin AMK/Peliohjelmointi - R504TL108-3007/Task_C
[UnityMemory] Configuration Parameters - Can be set up in boot.config
    "memorysetup-allocator-temp-initial-block-size-main=262144"
    "memorysetup-allocator-temp-initial-block-size-worker=262144"
    "memorysetup-bucket-allocator-granularity=16"
    "memorysetup-bucket-allocator-bucket-count=8"
    "memorysetup-bucket-allocator-block-size=33554432"
    "memorysetup-bucket-allocator-block-count=8"
    "memorysetup-main-allocator-block-size=16777216"
    "memorysetup-thread-allocator-block-size=16777216"
    "memorysetup-gfx-main-allocator-block-size=16777216"
    "memorysetup-gfx-thread-allocator-block-size=16777216"
    "memorysetup-cache-allocator-block-size=4194304"
    "memorysetup-typetree-allocator-block-size=2097152"
    "memorysetup-profiler-bucket-allocator-granularity=16"
    "memorysetup-profiler-bucket-allocator-bucket-count=8"
    "memorysetup-profiler-bucket-allocator-block-size=33554432"
    "memorysetup-profiler-bucket-allocator-block-count=8"
    "memorysetup-profiler-allocator-block-size=16777216"
    "memorysetup-profiler-editor-allocator-block-size=1048576"
    "memorysetup-temp-allocator-size-main=16777216"
    "memorysetup-job-temp-allocator-block-size=2097152"
    "memorysetup-job-temp-allocator-block-size-background=1048576"
    "memorysetup-job-temp-allocator-reduction-small-platforms=262144"
    "memorysetup-temp-allocator-size-background-worker=32768"
    "memorysetup-temp-allocator-size-job-worker=262144"
    "memorysetup-temp-allocator-size-preload-manager=33554432"
    "memorysetup-temp-allocator-size-nav-mesh-worker=65536"
    "memorysetup-temp-allocator-size-audio-worker=65536"
    "memorysetup-temp-allocator-size-cloud-worker=32768"
    "memorysetup-temp-allocator-size-gi-baking-worker=262144"
    "memorysetup-temp-allocator-size-gi-baking-worker=262144"
    "memorysetup-temp-allocator-size-gi-baking-worker=262144"
    "memorysetup-temp-allocator-size-gi-baking-worker=262144"
    "memorysetup-temp-allocator-size-gi-baking-worker=262144"
    "memorysetup-temp-allocator-size-gfx=262144"
Player connection [17768]  Target information:

Player connection [17768]  * "[IP] 10.245.213.59 [Port] 0 [Flags] 2 [Guid] 1198021743 [EditorId] 1198021743 [Version] 1048832 [Id] WindowsEditor(7,Maximus) [Debug] 1 [PackageName] WindowsEditor [ProjectName] Editor" 

Player connection [17768] Host joined multi-casting on [225.0.0.222:54997]...
Player connection [17768] Host joined alternative multi-casting on [225.0.0.222:34997]...
JobSystem: Creating JobQueue using job-worker-count value 5
Input System module state changed to: Initialized.
[Physics::Module] Initialized fallback backend.
[Physics::Module] Id: 0xdecafbad
[Licensing::Client] Code 10 while verifying Licensing Client signature (process Id: 22316, path: "C:/Program Files/Unity Hub/UnityLicensingClient_V1/Unity.Licensing.Client.exe")
[Licensing::Module] LicensingClient has failed validation; ignoring
[Licensing::Client] Handshaking with LicensingClient:
  Version:                 1.17.3+a4e98f1
  Session Id:              0de694770e5b411cb56d359fe237b7ae
  Correlation Id:          2ef8470ce7bb210145be3f04f79d870d
  External correlation Id: 1506905371305961419
  Machine Id:              VayPSg3dRy/bUpTEv3hz39BOAxM=
[Licensing::Module] Successfully connected to LicensingClient on channel: "LicenseClient-makc0" (connect: 0.00s, validation: 0.00s, handshake: 0.04s)
[Licensing::IpcConnector] Successfully connected to: "LicenseClient-makc0-notifications" at "2025-10-18T12:37:06.8068917Z"
[Licensing::Module] Licensing Background thread has ended after 0.04s
Library Redirect Path: Library/
[Physics::Module] Selected backend.
[Physics::Module] Name: PhysX
[Physics::Module] Id: 0xf2b8ea05
[Physics::Module] SDK Version: 4.1.2
[Physics::Module] Integration Version: 1.0.0
[Physics::Module] Threading Mode: Multi-Threaded
ETC Legacy compression has been deprecated and will be removed in a future release. You can review compressors in "Project Settings > Editor > Texture Compressors".
Refreshing native plugins compatible for Editor in 2.29 ms, found 3 plugins.
Preloading 0 native plugins for Editor in 0.00 ms.
Initialize engine version: 6000.2.8f1 (c9992ac36c34)
[Subsystems] Discovering subsystems at path C:/Program Files/Unity/Hub/Editor/6000.2.8f1/Editor/Data/Resources/UnitySubsystems
[Subsystems] Discovering subsystems at path C:/Maxim/Lapin AMK/Peliohjelmointi - R504TL108-3007/Task_C/Assets
GfxDevice: creating device client; kGfxThreadingModeNonThreaded
Direct3D:
    Version:  Direct3D 11.0 [level 11.1]
    Renderer: NVIDIA GeForce RTX 4050 Laptop GPU (ID=0x28e1)
    Vendor:   NVIDIA
    VRAM:     5921 MB
    Driver:   32.0.15.7262
Initialize mono
Mono path[0] = 'C:/Program Files/Unity/Hub/Editor/6000.2.8f1/Editor/Data/Managed'
Mono path[1] = 'C:/Program Files/Unity/Hub/Editor/6000.2.8f1/Editor/Data/MonoBleedingEdge/lib/mono/unityjit-win32'
Mono config path = 'C:/Program Files/Unity/Hub/Editor/6000.2.8f1/Editor/Data/MonoBleedingEdge/etc'
Using monoOptions --debugger-agent=transport=dt_socket,embedding=1,server=y,suspend=n,address=127.0.0.1:56068
Begin MonoManager ReloadAssembly
Registering precompiled unity dll's ...
Register platform support module: C:/Program Files/Unity/Hub/Editor/6000.2.8f1/Editor/Data/PlaybackEngines/WindowsStandaloneSupport/UnityEditor.WindowsStandalone.Extensions.dll
[Licensing::Client] Successfully resolved entitlement details
[Licensing::Module] License group:
  Id: 7971650392785-UnityPersXXXX
  Product: Unity Personal
  Type: Assigned
  Expiration: Unlimited
Register platform support module: C:/Program Files/Unity/Hub/Editor/6000.2.8f1/Editor/Data/PlaybackEngines/AndroidPlayer/UnityEditor.Android.Extensions.dll
Registered in 0.009589 seconds.
- Loaded All Assemblies, in  0.417 seconds
Native extension for Android target not found
Android Extension - Scanning For ADB Devices 295 ms
Native extension for WindowsStandalone target not found
Mono: successfully reloaded assembly
- Finished resetting the current domain, in  0.702 seconds
Domain Reload Profiling: 1116ms
	BeginReloadAssembly (121ms)
		ExecutionOrderSort (0ms)
		DisableScriptedObjects (0ms)
		BackupInstance (0ms)
		ReleaseScriptingObjects (0ms)
		CreateAndSetChildDomain (1ms)
	RebuildCommonClasses (41ms)
	RebuildNativeTypeToScriptingClass (10ms)
	initialDomainReloadingComplete (62ms)
	LoadAllAssembliesAndSetupDomain (180ms)
		LoadAssemblies (117ms)
		RebuildTransferFunctionScriptingTraits (0ms)
		AnalyzeDomain (177ms)
			TypeCache.Refresh (175ms)
				TypeCache.ScanAssembly (163ms)
			BuildScriptInfoCaches (0ms)
			ResolveRequiredComponents (0ms)
	FinalizeReload (702ms)
		ReleaseScriptCaches (0ms)
		RebuildScriptCaches (0ms)
		SetupLoadedEditorAssemblies (663ms)
			LogAssemblyErrors (0ms)
			InitializePlatformSupportModulesInManaged (398ms)
			SetLoadedEditorAssemblies (4ms)
			BeforeProcessingInitializeOnLoad (69ms)
			ProcessInitializeOnLoadAttributes (133ms)
			ProcessInitializeOnLoadMethodAttributes (59ms)
			AfterProcessingInitializeOnLoad (0ms)
			EditorAssembliesLoaded (0ms)
		ExecutionOrderSort2 (0ms)
		AwakeInstancesAfterBackupRestoration (0ms)
========================================================================
Worker process is ready to serve import requests
Import Worker Mode flag is 0x00
Begin MonoManager ReloadAssembly
[Licensing::Client] Successfully resolved entitlement details
- Loaded All Assemblies, in  0.918 seconds
Refreshing native plugins compatible for Editor in 1.73 ms, found 3 plugins.
Native extension for Android target not found
Native extension for WindowsStandalone target not found
Package Manager log level set to [2]
[Package Manager] Failed to launch server process. Reason: Unity was launched with the -noUpm command-line argument
[Package Manager] Unable to send message (not connected to server process).
[Package Manager] Cannot connect to Unity Package Manager local server
Mono: successfully reloaded assembly
- Finished resetting the current domain, in  5.911 seconds
Domain Reload Profiling: 6823ms
	BeginReloadAssembly (162ms)
		ExecutionOrderSort (0ms)
		DisableScriptedObjects (6ms)
		BackupInstance (0ms)
		ReleaseScriptingObjects (0ms)
		CreateAndSetChildDomain (33ms)
	RebuildCommonClasses (46ms)
	RebuildNativeTypeToScriptingClass (14ms)
	initialDomainReloadingComplete (51ms)
	LoadAllAssembliesAndSetupDomain (638ms)
		LoadAssemblies (375ms)
		RebuildTransferFunctionScriptingTraits (0ms)
		AnalyzeDomain (337ms)
			TypeCache.Refresh (263ms)
				TypeCache.ScanAssembly (246ms)
			BuildScriptInfoCaches (56ms)
			ResolveRequiredComponents (13ms)
	FinalizeReload (5912ms)
		ReleaseScriptCaches (0ms)
		RebuildScriptCaches (0ms)
		SetupLoadedEditorAssemblies (5392ms)
			LogAssemblyErrors (0ms)
			InitializePlatformSupportModulesInManaged (33ms)
			SetLoadedEditorAssemblies (4ms)
			BeforeProcessingInitializeOnLoad (179ms)
			ProcessInitializeOnLoadAttributes (4930ms)
			ProcessInitializeOnLoadMethodAttributes (224ms)
			AfterProcessingInitializeOnLoad (21ms)
			EditorAssembliesLoaded (0ms)
		ExecutionOrderSort2 (0ms)
		AwakeInstancesAfterBackupRestoration (28ms)
ETC Legacy compression has been deprecated and will be removed in a future release. You can review compressors in "Project Settings > Editor > Texture Compressors".
Launched and connected shader compiler UnityShaderCompiler.exe after 0.05 seconds
Refreshing native plugins compatible for Editor in 3.10 ms, found 3 plugins.
Preloading 0 native plugins for Editor in 0.00 ms.
Unloading 15 Unused Serialized files (Serialized files now loaded: 0)
Unloading 6153 unused Assets / (5.1 MB). Loaded Objects now: 6858.
Memory consumption went from 206.5 MB to 201.4 MB.
Total: 14.278000 ms (FindLiveObjects: 1.245000 ms CreateObjectMapping: 1.309000 ms MarkObjects: 7.327700 ms  DeleteObjects: 4.392600 ms)

========================================================================
Received Prepare
ETC Legacy compression has been deprecated and will be removed in a future release. You can review compressors in "Project Settings > Editor > Texture Compressors".
Begin MonoManager ReloadAssembly
- Loaded All Assemblies, in  1.448 seconds
Refreshing native plugins compatible for Editor in 2.94 ms, found 3 plugins.
Native extension for Android target not found
Native extension for WindowsStandalone target not found
[Package Manager] Failed to launch server process. Reason: Unity was launched with the -noUpm command-line argument
[Package Manager] Unable to send message (not connected to server process).
[Package Manager] Cannot connect to Unity Package Manager local server
Mono: successfully reloaded assembly
- Finished resetting the current domain, in  1.429 seconds
Domain Reload Profiling: 2866ms
	BeginReloadAssembly (358ms)
		ExecutionOrderSort (0ms)
		DisableScriptedObjects (10ms)
		BackupInstance (0ms)
		ReleaseScriptingObjects (0ms)
		CreateAndSetChildDomain (79ms)
	RebuildCommonClasses (77ms)
	RebuildNativeTypeToScriptingClass (29ms)
	initialDomainReloadingComplete (73ms)
	LoadAllAssembliesAndSetupDomain (899ms)
		LoadAssemblies (690ms)
		RebuildTransferFunctionScriptingTraits (0ms)
		AnalyzeDomain (380ms)
			TypeCache.Refresh (18ms)
				TypeCache.ScanAssembly (1ms)
			BuildScriptInfoCaches (334ms)
			ResolveRequiredComponents (22ms)
	FinalizeReload (1430ms)
		ReleaseScriptCaches (0ms)
		RebuildScriptCaches (0ms)
		SetupLoadedEditorAssemblies (1097ms)
			LogAssemblyErrors (0ms)
			InitializePlatformSupportModulesInManaged (18ms)
			SetLoadedEditorAssemblies (5ms)
			BeforeProcessingInitializeOnLoad (296ms)
			ProcessInitializeOnLoadAttributes (659ms)
			ProcessInitializeOnLoadMethodAttributes (104ms)
			AfterProcessingInitializeOnLoad (14ms)
			EditorAssembliesLoaded (1ms)
		ExecutionOrderSort2 (0ms)
		AwakeInstancesAfterBackupRestoration (42ms)
Refreshing native plugins compatible for Editor in 4.01 ms, found 3 plugins.
Preloading 0 native plugins for Editor in 0.00 ms.
Unloading 15 Unused Serialized files (Serialized files now loaded: 0)
Unloading 6149 unused Assets / (3.9 MB). Loaded Objects now: 6872.
Memory consumption went from 210.6 MB to 206.7 MB.
Total: 13.044800 ms (FindLiveObjects: 1.193500 ms CreateObjectMapping: 1.165600 ms MarkObjects: 7.119600 ms  DeleteObjects: 3.564100 ms)

Prepare: number of updated asset objects reloaded= 0
========================================================================
Received Import Request.
  Time since last request: 230737.357842 seconds.
  path: Assets/PlayerController.cs
  artifactKey: Guid(6afabef9fb2491241a6c327c17690f3b) Importer(815301076,1909f56bfc062723c751e8b465ee728b)
Start importing Assets/PlayerController.cs using Guid(6afabef9fb2491241a6c327c17690f3b) Importer(815301076,1909f56bfc062723c751e8b465ee728b) (PreviewImporter) -> (artifact id: 'b15abc3e256528d9c35b18ad642399d3') in 0.0124908 seconds
Number of updated asset objects reloaded before import = 0Number of asset objects unloaded after import = 0

========================================================================
Received Prepare
ETC Legacy compression has been deprecated and will be removed in a future release. You can review compressors in "Project Settings > Editor > Texture Compressors".
Begin MonoManager ReloadAssembly
- Loaded All Assemblies, in  0.726 seconds
Refreshing native plugins compatible for Editor in 1.83 ms, found 3 plugins.
Native extension for Android target not found
Native extension for WindowsStandalone target not found
[Package Manager] Failed to launch server process. Reason: Unity was launched with the -noUpm command-line argument
[Package Manager] Unable to send message (not connected to server process).
[Package Manager] Cannot connect to Unity Package Manager local server
Mono: successfully reloaded assembly
- Finished resetting the current domain, in  0.816 seconds
Domain Reload Profiling: 1537ms
	BeginReloadAssembly (197ms)
		ExecutionOrderSort (0ms)
		DisableScriptedObjects (5ms)
		BackupInstance (0ms)
		ReleaseScriptingObjects (0ms)
		CreateAndSetChildDomain (51ms)
	RebuildCommonClasses (36ms)
	RebuildNativeTypeToScriptingClass (13ms)
	initialDomainReloadingComplete (35ms)
	LoadAllAssembliesAndSetupDomain (440ms)
		LoadAssemblies (301ms)
		RebuildTransferFunctionScriptingTraits (0ms)
		AnalyzeDomain (209ms)
			TypeCache.Refresh (8ms)
				TypeCache.ScanAssembly (0ms)
			BuildScriptInfoCaches (188ms)
			ResolveRequiredComponents (9ms)
	FinalizeReload (816ms)
		ReleaseScriptCaches (0ms)
		RebuildScriptCaches (0ms)
		SetupLoadedEditorAssemblies (613ms)
			LogAssemblyErrors (0ms)
			InitializePlatformSupportModulesInManaged (13ms)
			SetLoadedEditorAssemblies (4ms)
			BeforeProcessingInitializeOnLoad (158ms)
			ProcessInitializeOnLoadAttributes (379ms)
			ProcessInitializeOnLoadMethodAttributes (53ms)
			AfterProcessingInitializeOnLoad (6ms)
			EditorAssembliesLoaded (0ms)
		ExecutionOrderSort2 (0ms)
		AwakeInstancesAfterBackupRestoration (18ms)
Refreshing native plugins compatible for Editor in 1.50 ms, found 3 plugins.
Preloading 0 native plugins for Editor in 0.00 ms.
Unloading 15 Unused Serialized files (Serialized files now loaded: 0)
Unloading 6149 unused Assets / (4.7 MB). Loaded Objects now: 6876.
Memory consumption went from 213.2 MB to 208.6 MB.
Total: 9.704800 ms (FindLiveObjects: 0.655100 ms CreateObjectMapping: 0.913100 ms MarkObjects: 5.155600 ms  DeleteObjects: 2.979600 ms)

Prepare: number of updated asset objects reloaded= 0
========================================================================
Received Prepare
ETC Legacy compression has been deprecated and will be removed in a future release. You can review compressors in "Project Settings > Editor > Texture Compressors".
Begin MonoManager ReloadAssembly
[Licensing::Client] Successfully resolved entitlement details
- Loaded All Assemblies, in  0.583 seconds
Refreshing native plugins compatible for Editor in 1.02 ms, found 3 plugins.
Native extension for Android target not found
Native extension for WindowsStandalone target not found
[Package Manager] Failed to launch server process. Reason: Unity was launched with the -noUpm command-line argument
[Package Manager] Unable to send message (not connected to server process).
[Package Manager] Cannot connect to Unity Package Manager local server
Mono: successfully reloaded assembly
- Finished resetting the current domain, in  0.656 seconds
Domain Reload Profiling: 1239ms
	BeginReloadAssembly (164ms)
		ExecutionOrderSort (0ms)
		DisableScriptedObjects (5ms)
		BackupInstance (0ms)
		ReleaseScriptingObjects (0ms)
		CreateAndSetChildDomain (39ms)
	RebuildCommonClasses (31ms)
	RebuildNativeTypeToScriptingClass (11ms)
	initialDomainReloadingComplete (25ms)
	LoadAllAssembliesAndSetupDomain (351ms)
		LoadAssemblies (266ms)
		RebuildTransferFunctionScriptingTraits (0ms)
		AnalyzeDomain (149ms)
			TypeCache.Refresh (6ms)
				TypeCache.ScanAssembly (0ms)
			BuildScriptInfoCaches (129ms)
			ResolveRequiredComponents (9ms)
	FinalizeReload (657ms)
		ReleaseScriptCaches (0ms)
		RebuildScriptCaches (0ms)
		SetupLoadedEditorAssemblies (513ms)
			LogAssemblyErrors (0ms)
			InitializePlatformSupportModulesInManaged (9ms)
			SetLoadedEditorAssemblies (2ms)
			BeforeProcessingInitializeOnLoad (99ms)
			ProcessInitializeOnLoadAttributes (338ms)
			ProcessInitializeOnLoadMethodAttributes (58ms)
			AfterProcessingInitializeOnLoad (7ms)
			EditorAssembliesLoaded (0ms)
		ExecutionOrderSort2 (0ms)
		AwakeInstancesAfterBackupRestoration (16ms)
Refreshing native plugins compatible for Editor in 1.85 ms, found 3 plugins.
Preloading 0 native plugins for Editor in 0.00 ms.
Unloading 15 Unused Serialized files (Serialized files now loaded: 0)
Unloading 6149 unused Assets / (3.7 MB). Loaded Objects now: 6878.
Memory consumption went from 213.3 MB to 209.5 MB.
Total: 10.747300 ms (FindLiveObjects: 0.658100 ms CreateObjectMapping: 0.829400 ms MarkObjects: 5.831600 ms  DeleteObjects: 3.424700 ms)

Prepare: number of updated asset objects reloaded= 0
========================================================================
Received Prepare
ETC Legacy compression has been deprecated and will be removed in a future release. You can review compressors in "Project Settings > Editor > Texture Compressors".
Refreshing native plugins compatible for Editor in 1.82 ms, found 3 plugins.
Preloading 0 native plugins for Editor in 0.00 ms.
Unloading 15 Unused Serialized files (Serialized files now loaded: 0)
Unloading 6143 unused Assets / (5.0 MB). Loaded Objects now: 6879.
Memory consumption went from 213.5 MB to 208.4 MB.
Total: 13.957700 ms (FindLiveObjects: 0.611900 ms CreateObjectMapping: 0.880500 ms MarkObjects: 9.137500 ms  DeleteObjects: 3.325900 ms)

Prepare: number of updated asset objects reloaded= 0
========================================================================
Received Prepare
ETC Legacy compression has been deprecated and will be removed in a future release. You can review compressors in "Project Settings > Editor > Texture Compressors".
Begin MonoManager ReloadAssembly
[Licensing::Client] Successfully resolved entitlement details
- Loaded All Assemblies, in  0.615 seconds
Refreshing native plugins compatible for Editor in 1.04 ms, found 3 plugins.
Native extension for Android target not found
Native extension for WindowsStandalone target not found
[Package Manager] Failed to launch server process. Reason: Unity was launched with the -noUpm command-line argument
[Package Manager] Unable to send message (not connected to server process).
[Package Manager] Cannot connect to Unity Package Manager local server
Mono: successfully reloaded assembly
- Finished resetting the current domain, in  0.645 seconds
Domain Reload Profiling: 1259ms
	BeginReloadAssembly (172ms)
		ExecutionOrderSort (0ms)
		DisableScriptedObjects (5ms)
		BackupInstance (0ms)
		ReleaseScriptingObjects (0ms)
		CreateAndSetChildDomain (46ms)
	RebuildCommonClasses (29ms)
	RebuildNativeTypeToScriptingClass (10ms)
	initialDomainReloadingComplete (24ms)
	LoadAllAssembliesAndSetupDomain (379ms)
		LoadAssemblies (268ms)
		RebuildTransferFunctionScriptingTraits (0ms)
		AnalyzeDomain (173ms)
			TypeCache.Refresh (10ms)
				TypeCache.ScanAssembly (0ms)
			BuildScriptInfoCaches (150ms)
			ResolveRequiredComponents (9ms)
	FinalizeReload (645ms)
		ReleaseScriptCaches (0ms)
		RebuildScriptCaches (0ms)
		SetupLoadedEditorAssemblies (499ms)
			LogAssemblyErrors (0ms)
			InitializePlatformSupportModulesInManaged (9ms)
			SetLoadedEditorAssemblies (2ms)
			BeforeProcessingInitializeOnLoad (112ms)
			ProcessInitializeOnLoadAttributes (326ms)
			ProcessInitializeOnLoadMethodAttributes (44ms)
			AfterProcessingInitializeOnLoad (5ms)
			EditorAssembliesLoaded (0ms)
		ExecutionOrderSort2 (0ms)
		AwakeInstancesAfterBackupRestoration (14ms)
Refreshing native plugins compatible for Editor in 1.48 ms, found 3 plugins.
Preloading 0 native plugins for Editor in 0.00 ms.
Unloading 15 Unused Serialized files (Serialized files now loaded: 0)
Unloading 6150 unused Assets / (4.6 MB). Loaded Objects now: 6881.
Memory consumption went from 213.3 MB to 208.8 MB.
Total: 10.016000 ms (FindLiveObjects: 0.801000 ms CreateObjectMapping: 1.017600 ms MarkObjects: 5.254100 ms  DeleteObjects: 2.941600 ms)

Prepare: number of updated asset objects reloaded= 0
========================================================================
Received Prepare
ETC Legacy compression has been deprecated and will be removed in a future release. You can review compressors in "Project Settings > Editor > Texture Compressors".
Begin MonoManager ReloadAssembly
- Loaded All Assemblies, in  0.580 seconds
Refreshing native plugins compatible for Editor in 1.18 ms, found 3 plugins.
Native extension for Android target not found
Native extension for WindowsStandalone target not found
[Package Manager] Failed to launch server process. Reason: Unity was launched with the -noUpm command-line argument
[Package Manager] Unable to send message (not connected to server process).
[Package Manager] Cannot connect to Unity Package Manager local server
Mono: successfully reloaded assembly
- Finished resetting the current domain, in  0.633 seconds
Domain Reload Profiling: 1213ms
	BeginReloadAssembly (153ms)
		ExecutionOrderSort (0ms)
		DisableScriptedObjects (5ms)
		BackupInstance (0ms)
		ReleaseScriptingObjects (0ms)
		CreateAndSetChildDomain (38ms)
	RebuildCommonClasses (31ms)
	RebuildNativeTypeToScriptingClass (11ms)
	initialDomainReloadingComplete (24ms)
	LoadAllAssembliesAndSetupDomain (361ms)
		LoadAssemblies (264ms)
		RebuildTransferFunctionScriptingTraits (0ms)
		AnalyzeDomain (156ms)
			TypeCache.Refresh (9ms)
				TypeCache.ScanAssembly (0ms)
			BuildScriptInfoCaches (131ms)
			ResolveRequiredComponents (10ms)
	FinalizeReload (633ms)
		ReleaseScriptCaches (0ms)
		RebuildScriptCaches (0ms)
		SetupLoadedEditorAssemblies (489ms)
			LogAssemblyErrors (0ms)
			InitializePlatformSupportModulesInManaged (9ms)
			SetLoadedEditorAssemblies (2ms)
			BeforeProcessingInitializeOnLoad (109ms)
			ProcessInitializeOnLoadAttributes (316ms)
			ProcessInitializeOnLoadMethodAttributes (46ms)
			AfterProcessingInitializeOnLoad (6ms)
			EditorAssembliesLoaded (0ms)
		ExecutionOrderSort2 (0ms)
		AwakeInstancesAfterBackupRestoration (14ms)
Refreshing native plugins compatible for Editor in 1.85 ms, found 3 plugins.
Preloading 0 native plugins for Editor in 0.00 ms.
Unloading 15 Unused Serialized files (Serialized files now loaded: 0)
Unloading 6150 unused Assets / (5.6 MB). Loaded Objects now: 6883.
Memory consumption went from 213.4 MB to 207.8 MB.
Total: 13.481200 ms (FindLiveObjects: 0.669600 ms CreateObjectMapping: 0.784700 ms MarkObjects: 8.012800 ms  DeleteObjects: 4.012300 ms)

Prepare: number of updated asset objects reloaded= 0
========================================================================
Received Import Request.
  Time since last request: 362.555412 seconds.
  path: Assets/SmoothFollowCamera.cs
  artifactKey: Guid(8471a9212054beb419fe4c0af4791da8) Importer(815301076,1909f56bfc062723c751e8b465ee728b)
Start importing Assets/SmoothFollowCamera.cs using Guid(8471a9212054beb419fe4c0af4791da8) Importer(815301076,1909f56bfc062723c751e8b465ee728b) (PreviewImporter) -> (artifact id: '2a3d5ccf225646f1de43bdfb4d5affdb') in 0.0243799 seconds
Number of updated asset objects reloaded before import = 0Number of asset objects unloaded after import = 0

========================================================================
Received Prepare
ETC Legacy compression has been deprecated and will be removed in a future release. You can review compressors in "Project Settings > Editor > Texture Compressors".
Begin MonoManager ReloadAssembly
[Licensing::Client] Successfully resolved entitlement details
- Loaded All Assemblies, in  0.591 seconds
Refreshing native plugins compatible for Editor in 0.92 ms, found 3 plugins.
Native extension for Android target not found
Native extension for WindowsStandalone target not found
[Package Manager] Failed to launch server process. Reason: Unity was launched with the -noUpm command-line argument
[Package Manager] Unable to send message (not connected to server process).
[Package Manager] Cannot connect to Unity Package Manager local server
Mono: successfully reloaded assembly
- Finished resetting the current domain, in  0.607 seconds
Domain Reload Profiling: 1198ms
	BeginReloadAssembly (171ms)
		ExecutionOrderSort (0ms)
		DisableScriptedObjects (5ms)
		BackupInstance (0ms)
		ReleaseScriptingObjects (0ms)
		CreateAndSetChildDomain (43ms)
	RebuildCommonClasses (30ms)
	RebuildNativeTypeToScriptingClass (11ms)
	initialDomainReloadingComplete (25ms)
	LoadAllAssembliesAndSetupDomain (353ms)
		LoadAssemblies (265ms)
		RebuildTransferFunctionScriptingTraits (0ms)
		AnalyzeDomain (151ms)
			TypeCache.Refresh (6ms)
				TypeCache.ScanAssembly (0ms)
			BuildScriptInfoCaches (131ms)
			ResolveRequiredComponents (9ms)
	FinalizeReload (608ms)
		ReleaseScriptCaches (0ms)
		RebuildScriptCaches (0ms)
		SetupLoadedEditorAssemblies (469ms)
			LogAssemblyErrors (0ms)
			InitializePlatformSupportModulesInManaged (8ms)
			SetLoadedEditorAssemblies (2ms)
			BeforeProcessingInitializeOnLoad (105ms)
			ProcessInitializeOnLoadAttributes (294ms)
			ProcessInitializeOnLoadMethodAttributes (53ms)
			AfterProcessingInitializeOnLoad (6ms)
			EditorAssembliesLoaded (0ms)
		ExecutionOrderSort2 (0ms)
		AwakeInstancesAfterBackupRestoration (14ms)
Refreshing native plugins compatible for Editor in 1.73 ms, found 3 plugins.
Preloading 0 native plugins for Editor in 0.00 ms.
Unloading 15 Unused Serialized files (Serialized files now loaded: 0)
Unloading 6150 unused Assets / (4.7 MB). Loaded Objects now: 6885.
Memory consumption went from 213.4 MB to 208.7 MB.
Total: 11.102900 ms (FindLiveObjects: 1.125000 ms CreateObjectMapping: 1.132300 ms MarkObjects: 5.952500 ms  DeleteObjects: 2.891300 ms)

Prepare: number of updated asset objects reloaded= 0
========================================================================
Received Prepare
ETC Legacy compression has been deprecated and will be removed in a future release. You can review compressors in "Project Settings > Editor > Texture Compressors".
Begin MonoManager ReloadAssembly
[Licensing::Client] Successfully resolved entitlement details
- Loaded All Assemblies, in  0.605 seconds
Refreshing native plugins compatible for Editor in 0.97 ms, found 3 plugins.
Native extension for Android target not found
Native extension for WindowsStandalone target not found
[Package Manager] Failed to launch server process. Reason: Unity was launched with the -noUpm command-line argument
[Package Manager] Unable to send message (not connected to server process).
[Package Manager] Cannot connect to Unity Package Manager local server
Mono: successfully reloaded assembly
- Finished resetting the current domain, in  0.598 seconds
Domain Reload Profiling: 1204ms
	BeginReloadAssembly (182ms)
		ExecutionOrderSort (0ms)
		DisableScriptedObjects (6ms)
		BackupInstance (0ms)
		ReleaseScriptingObjects (0ms)
		CreateAndSetChildDomain (44ms)
	RebuildCommonClasses (34ms)
	RebuildNativeTypeToScriptingClass (11ms)
	initialDomainReloadingComplete (26ms)
	LoadAllAssembliesAndSetupDomain (352ms)
		LoadAssemblies (268ms)
		RebuildTransferFunctionScriptingTraits (0ms)
		AnalyzeDomain (148ms)
			TypeCache.Refresh (8ms)
				TypeCache.ScanAssembly (0ms)
			BuildScriptInfoCaches (127ms)
			ResolveRequiredComponents (9ms)
	FinalizeReload (599ms)
		ReleaseScriptCaches (0ms)
		RebuildScriptCaches (0ms)
		SetupLoadedEditorAssemblies (458ms)
			LogAssemblyErrors (0ms)
			InitializePlatformSupportModulesInManaged (8ms)
			SetLoadedEditorAssemblies (3ms)
			BeforeProcessingInitializeOnLoad (116ms)
			ProcessInitializeOnLoadAttributes (283ms)
			ProcessInitializeOnLoadMethodAttributes (44ms)
			AfterProcessingInitializeOnLoad (4ms)
			EditorAssembliesLoaded (0ms)
		ExecutionOrderSort2 (0ms)
		AwakeInstancesAfterBackupRestoration (13ms)
Refreshing native plugins compatible for Editor in 1.52 ms, found 3 plugins.
Preloading 0 native plugins for Editor in 0.00 ms.
Unloading 15 Unused Serialized files (Serialized files now loaded: 0)
Unloading 6150 unused Assets / (4.7 MB). Loaded Objects now: 6887.
Memory consumption went from 213.4 MB to 208.7 MB.
Total: 20.954300 ms (FindLiveObjects: 0.755000 ms CreateObjectMapping: 11.922900 ms MarkObjects: 5.448500 ms  DeleteObjects: 2.826300 ms)

Prepare: number of updated asset objects reloaded= 0
========================================================================
Received Prepare
ETC Legacy compression has been deprecated and will be removed in a future release. You can review compressors in "Project Settings > Editor > Texture Compressors".
Begin MonoManager ReloadAssembly
- Loaded All Assemblies, in  0.577 seconds
Refreshing native plugins compatible for Editor in 0.91 ms, found 3 plugins.
Native extension for Android target not found
Native extension for WindowsStandalone target not found
[Package Manager] Failed to launch server process. Reason: Unity was launched with the -noUpm command-line argument
[Package Manager] Unable to send message (not connected to server process).
[Package Manager] Cannot connect to Unity Package Manager local server
Mono: successfully reloaded assembly
- Finished resetting the current domain, in  0.645 seconds
Domain Reload Profiling: 1219ms
	BeginReloadAssembly (155ms)
		ExecutionOrderSort (0ms)
		DisableScriptedObjects (6ms)
		BackupInstance (0ms)
		ReleaseScriptingObjects (0ms)
		CreateAndSetChildDomain (41ms)
	RebuildCommonClasses (33ms)
	RebuildNativeTypeToScriptingClass (11ms)
	initialDomainReloadingComplete (26ms)
	LoadAllAssembliesAndSetupDomain (348ms)
		LoadAssemblies (255ms)
		RebuildTransferFunctionScriptingTraits (0ms)
		AnalyzeDomain (152ms)
			TypeCache.Refresh (6ms)
				TypeCache.ScanAssembly (0ms)
			BuildScriptInfoCaches (134ms)
			ResolveRequiredComponents (9ms)
	FinalizeReload (646ms)
		ReleaseScriptCaches (0ms)
		RebuildScriptCaches (0ms)
		SetupLoadedEditorAssemblies (499ms)
			LogAssemblyErrors (0ms)
			InitializePlatformSupportModulesInManaged (11ms)
			SetLoadedEditorAssemblies (3ms)
			BeforeProcessingInitializeOnLoad (105ms)
			ProcessInitializeOnLoadAttributes (325ms)
			ProcessInitializeOnLoadMethodAttributes (50ms)
			AfterProcessingInitializeOnLoad (6ms)
			EditorAssembliesLoaded (0ms)
		ExecutionOrderSort2 (0ms)
		AwakeInstancesAfterBackupRestoration (15ms)
Refreshing native plugins compatible for Editor in 2.04 ms, found 3 plugins.
Preloading 0 native plugins for Editor in 0.00 ms.
Unloading 15 Unused Serialized files (Serialized files now loaded: 0)
Unloading 6150 unused Assets / (4.7 MB). Loaded Objects now: 6889.
Memory consumption went from 213.5 MB to 208.8 MB.
Total: 10.360200 ms (FindLiveObjects: 0.767000 ms CreateObjectMapping: 0.865600 ms MarkObjects: 5.457500 ms  DeleteObjects: 3.268400 ms)

Prepare: number of updated asset objects reloaded= 0
========================================================================
Received Prepare
ETC Legacy compression has been deprecated and will be removed in a future release. You can review compressors in "Project Settings > Editor > Texture Compressors".
Begin MonoManager ReloadAssembly
[Licensing::Client] Successfully resolved entitlement details
- Loaded All Assemblies, in  0.608 seconds
Refreshing native plugins compatible for Editor in 1.39 ms, found 3 plugins.
Native extension for Android target not found
Native extension for WindowsStandalone target not found
[Package Manager] Failed to launch server process. Reason: Unity was launched with the -noUpm command-line argument
[Package Manager] Unable to send message (not connected to server process).
[Package Manager] Cannot connect to Unity Package Manager local server
Mono: successfully reloaded assembly
- Finished resetting the current domain, in  0.696 seconds
Domain Reload Profiling: 1304ms
	BeginReloadAssembly (171ms)
		ExecutionOrderSort (0ms)
		DisableScriptedObjects (5ms)
		BackupInstance (0ms)
		ReleaseScriptingObjects (0ms)
		CreateAndSetChildDomain (43ms)
	RebuildCommonClasses (30ms)
	RebuildNativeTypeToScriptingClass (10ms)
	initialDomainReloadingComplete (26ms)
	LoadAllAssembliesAndSetupDomain (371ms)
		LoadAssemblies (274ms)
		RebuildTransferFunctionScriptingTraits (0ms)
		AnalyzeDomain (158ms)
			TypeCache.Refresh (8ms)
				TypeCache.ScanAssembly (0ms)
			BuildScriptInfoCaches (136ms)
			ResolveRequiredComponents (9ms)
	FinalizeReload (697ms)
		ReleaseScriptCaches (0ms)
		RebuildScriptCaches (0ms)
		SetupLoadedEditorAssemblies (525ms)
			LogAssemblyErrors (0ms)
			InitializePlatformSupportModulesInManaged (9ms)
			SetLoadedEditorAssemblies (3ms)
			BeforeProcessingInitializeOnLoad (141ms)
			ProcessInitializeOnLoadAttributes (315ms)
			ProcessInitializeOnLoadMethodAttributes (51ms)
			AfterProcessingInitializeOnLoad (6ms)
			EditorAssembliesLoaded (0ms)
		ExecutionOrderSort2 (0ms)
		AwakeInstancesAfterBackupRestoration (18ms)
Refreshing native plugins compatible for Editor in 1.59 ms, found 3 plugins.
Preloading 0 native plugins for Editor in 0.00 ms.
Unloading 15 Unused Serialized files (Serialized files now loaded: 0)
Unloading 6150 unused Assets / (4.7 MB). Loaded Objects now: 6891.
Memory consumption went from 213.5 MB to 208.8 MB.
Total: 14.619500 ms (FindLiveObjects: 0.653800 ms CreateObjectMapping: 5.877500 ms MarkObjects: 5.068500 ms  DeleteObjects: 3.017400 ms)

Prepare: number of updated asset objects reloaded= 0
========================================================================
Received Prepare
ETC Legacy compression has been deprecated and will be removed in a future release. You can review compressors in "Project Settings > Editor > Texture Compressors".
Begin MonoManager ReloadAssembly
- Loaded All Assemblies, in  0.601 seconds
Refreshing native plugins compatible for Editor in 1.28 ms, found 3 plugins.
Native extension for Android target not found
Native extension for WindowsStandalone target not found
[Package Manager] Failed to launch server process. Reason: Unity was launched with the -noUpm command-line argument
[Package Manager] Unable to send message (not connected to server process).
[Package Manager] Cannot connect to Unity Package Manager local server
Mono: successfully reloaded assembly
- Finished resetting the current domain, in  0.742 seconds
Domain Reload Profiling: 1342ms
	BeginReloadAssembly (157ms)
		ExecutionOrderSort (0ms)
		DisableScriptedObjects (5ms)
		BackupInstance (0ms)
		ReleaseScriptingObjects (0ms)
		CreateAndSetChildDomain (39ms)
	RebuildCommonClasses (32ms)
	RebuildNativeTypeToScriptingClass (12ms)
	initialDomainReloadingComplete (26ms)
	LoadAllAssembliesAndSetupDomain (373ms)
		LoadAssemblies (265ms)
		RebuildTransferFunctionScriptingTraits (0ms)
		AnalyzeDomain (172ms)
			TypeCache.Refresh (6ms)
				TypeCache.ScanAssembly (0ms)
			BuildScriptInfoCaches (149ms)
			ResolveRequiredComponents (12ms)
	FinalizeReload (742ms)
		ReleaseScriptCaches (0ms)
		RebuildScriptCaches (0ms)
		SetupLoadedEditorAssemblies (576ms)
			LogAssemblyErrors (0ms)
			InitializePlatformSupportModulesInManaged (9ms)
			SetLoadedEditorAssemblies (3ms)
			BeforeProcessingInitializeOnLoad (125ms)
			ProcessInitializeOnLoadAttributes (363ms)
			ProcessInitializeOnLoadMethodAttributes (69ms)
			AfterProcessingInitializeOnLoad (7ms)
			EditorAssembliesLoaded (0ms)
		ExecutionOrderSort2 (0ms)
		AwakeInstancesAfterBackupRestoration (19ms)
Refreshing native plugins compatible for Editor in 2.06 ms, found 3 plugins.
Preloading 0 native plugins for Editor in 0.00 ms.
Unloading 15 Unused Serialized files (Serialized files now loaded: 0)
Unloading 6150 unused Assets / (4.7 MB). Loaded Objects now: 6893.
Memory consumption went from 213.5 MB to 208.9 MB.
Total: 10.006800 ms (FindLiveObjects: 0.724100 ms CreateObjectMapping: 0.934800 ms MarkObjects: 5.224900 ms  DeleteObjects: 3.120800 ms)

Prepare: number of updated asset objects reloaded= 0
========================================================================
Received Prepare
ETC Legacy compression has been deprecated and will be removed in a future release. You can review compressors in "Project Settings > Editor > Texture Compressors".
Begin MonoManager ReloadAssembly
[Licensing::Client] Successfully resolved entitlement details
- Loaded All Assemblies, in  0.612 seconds
Refreshing native plugins compatible for Editor in 0.94 ms, found 3 plugins.
Native extension for Android target not found
Native extension for WindowsStandalone target not found
[Package Manager] Failed to launch server process. Reason: Unity was launched with the -noUpm command-line argument
[Package Manager] Unable to send message (not connected to server process).
[Package Manager] Cannot connect to Unity Package Manager local server
Mono: successfully reloaded assembly
- Finished resetting the current domain, in  0.587 seconds
Domain Reload Profiling: 1198ms
	BeginReloadAssembly (173ms)
		ExecutionOrderSort (0ms)
		DisableScriptedObjects (5ms)
		BackupInstance (0ms)
		ReleaseScriptingObjects (0ms)
		CreateAndSetChildDomain (41ms)
	RebuildCommonClasses (30ms)
	RebuildNativeTypeToScriptingClass (10ms)
	initialDomainReloadingComplete (26ms)
	LoadAllAssembliesAndSetupDomain (371ms)
		LoadAssemblies (281ms)
		RebuildTransferFunctionScriptingTraits (0ms)
		AnalyzeDomain (156ms)
			TypeCache.Refresh (9ms)
				TypeCache.ScanAssembly (0ms)
			BuildScriptInfoCaches (135ms)
			ResolveRequiredComponents (9ms)
	FinalizeReload (588ms)
		ReleaseScriptCaches (0ms)
		RebuildScriptCaches (0ms)
		SetupLoadedEditorAssemblies (451ms)
			LogAssemblyErrors (0ms)
			InitializePlatformSupportModulesInManaged (9ms)
			SetLoadedEditorAssemblies (3ms)
			BeforeProcessingInitializeOnLoad (111ms)
			ProcessInitializeOnLoadAttributes (280ms)
			ProcessInitializeOnLoadMethodAttributes (44ms)
			AfterProcessingInitializeOnLoad (5ms)
			EditorAssembliesLoaded (0ms)
		ExecutionOrderSort2 (0ms)
		AwakeInstancesAfterBackupRestoration (13ms)
Refreshing native plugins compatible for Editor in 2.12 ms, found 3 plugins.
Preloading 0 native plugins for Editor in 0.00 ms.
Unloading 15 Unused Serialized files (Serialized files now loaded: 0)
Unloading 6150 unused Assets / (4.7 MB). Loaded Objects now: 6895.
Memory consumption went from 213.6 MB to 208.9 MB.
Total: 17.614300 ms (FindLiveObjects: 0.642700 ms CreateObjectMapping: 0.769800 ms MarkObjects: 13.313100 ms  DeleteObjects: 2.886700 ms)

Prepare: number of updated asset objects reloaded= 0
========================================================================
Received Prepare
ETC Legacy compression has been deprecated and will be removed in a future release. You can review compressors in "Project Settings > Editor > Texture Compressors".
Begin MonoManager ReloadAssembly
- Loaded All Assemblies, in  0.556 seconds
Refreshing native plugins compatible for Editor in 0.99 ms, found 3 plugins.
Native extension for Android target not found
Native extension for WindowsStandalone target not found
[Package Manager] Failed to launch server process. Reason: Unity was launched with the -noUpm command-line argument
[Package Manager] Unable to send message (not connected to server process).
[Package Manager] Cannot connect to Unity Package Manager local server
Mono: successfully reloaded assembly
- Finished resetting the current domain, in  0.631 seconds
Domain Reload Profiling: 1187ms
	BeginReloadAssembly (154ms)
		ExecutionOrderSort (0ms)
		DisableScriptedObjects (5ms)
		BackupInstance (0ms)
		ReleaseScriptingObjects (0ms)
		CreateAndSetChildDomain (36ms)
	RebuildCommonClasses (30ms)
	RebuildNativeTypeToScriptingClass (10ms)
	initialDomainReloadingComplete (24ms)
	LoadAllAssembliesAndSetupDomain (338ms)
		LoadAssemblies (247ms)
		RebuildTransferFunctionScriptingTraits (0ms)
		AnalyzeDomain (149ms)
			TypeCache.Refresh (6ms)
				TypeCache.ScanAssembly (0ms)
			BuildScriptInfoCaches (131ms)
			ResolveRequiredComponents (9ms)
	FinalizeReload (632ms)
		ReleaseScriptCaches (0ms)
		RebuildScriptCaches (0ms)
		SetupLoadedEditorAssemblies (474ms)
			LogAssemblyErrors (0ms)
			InitializePlatformSupportModulesInManaged (9ms)
			SetLoadedEditorAssemblies (2ms)
			BeforeProcessingInitializeOnLoad (95ms)
			ProcessInitializeOnLoadAttributes (312ms)
			ProcessInitializeOnLoadMethodAttributes (50ms)
			AfterProcessingInitializeOnLoad (6ms)
			EditorAssembliesLoaded (0ms)
		ExecutionOrderSort2 (0ms)
		AwakeInstancesAfterBackupRestoration (19ms)
Refreshing native plugins compatible for Editor in 1.68 ms, found 3 plugins.
Preloading 0 native plugins for Editor in 0.00 ms.
Unloading 15 Unused Serialized files (Serialized files now loaded: 0)
Unloading 6150 unused Assets / (4.7 MB). Loaded Objects now: 6897.
Memory consumption went from 213.6 MB to 208.9 MB.
Total: 11.553500 ms (FindLiveObjects: 0.758200 ms CreateObjectMapping: 1.014200 ms MarkObjects: 5.995300 ms  DeleteObjects: 3.783100 ms)

Prepare: number of updated asset objects reloaded= 0
========================================================================
Received Prepare
ETC Legacy compression has been deprecated and will be removed in a future release. You can review compressors in "Project Settings > Editor > Texture Compressors".
Begin MonoManager ReloadAssembly
[Licensing::Client] Successfully resolved entitlement details
- Loaded All Assemblies, in  0.624 seconds
Refreshing native plugins compatible for Editor in 1.37 ms, found 3 plugins.
Native extension for Android target not found
Native extension for WindowsStandalone target not found
[Package Manager] Failed to launch server process. Reason: Unity was launched with the -noUpm command-line argument
[Package Manager] Unable to send message (not connected to server process).
[Package Manager] Cannot connect to Unity Package Manager local server
Mono: successfully reloaded assembly
- Finished resetting the current domain, in  0.593 seconds
Domain Reload Profiling: 1217ms
	BeginReloadAssembly (183ms)
		ExecutionOrderSort (0ms)
		DisableScriptedObjects (5ms)
		BackupInstance (0ms)
		ReleaseScriptingObjects (0ms)
		CreateAndSetChildDomain (45ms)
	RebuildCommonClasses (30ms)
	RebuildNativeTypeToScriptingClass (11ms)
	initialDomainReloadingComplete (32ms)
	LoadAllAssembliesAndSetupDomain (369ms)
		LoadAssemblies (285ms)
		RebuildTransferFunctionScriptingTraits (0ms)
		AnalyzeDomain (151ms)
			TypeCache.Refresh (8ms)
				TypeCache.ScanAssembly (0ms)
			BuildScriptInfoCaches (129ms)
			ResolveRequiredComponents (10ms)
	FinalizeReload (593ms)
		ReleaseScriptCaches (0ms)
		RebuildScriptCaches (0ms)
		SetupLoadedEditorAssemblies (451ms)
			LogAssemblyErrors (0ms)
			InitializePlatformSupportModulesInManaged (10ms)
			SetLoadedEditorAssemblies (3ms)
			BeforeProcessingInitializeOnLoad (114ms)
			ProcessInitializeOnLoadAttributes (278ms)
			ProcessInitializeOnLoadMethodAttributes (42ms)
			AfterProcessingInitializeOnLoad (5ms)
			EditorAssembliesLoaded (0ms)
		ExecutionOrderSort2 (0ms)
		AwakeInstancesAfterBackupRestoration (14ms)
Refreshing native plugins compatible for Editor in 1.78 ms, found 3 plugins.
Preloading 0 native plugins for Editor in 0.00 ms.
Unloading 15 Unused Serialized files (Serialized files now loaded: 0)
Unloading 6150 unused Assets / (4.7 MB). Loaded Objects now: 6899.
Memory consumption went from 213.7 MB to 209.0 MB.
Total: 19.434100 ms (FindLiveObjects: 0.701300 ms CreateObjectMapping: 0.904100 ms MarkObjects: 14.841600 ms  DeleteObjects: 2.984800 ms)

Prepare: number of updated asset objects reloaded= 0
========================================================================
Received Prepare
ETC Legacy compression has been deprecated and will be removed in a future release. You can review compressors in "Project Settings > Editor > Texture Compressors".
Begin MonoManager ReloadAssembly
- Loaded All Assemblies, in  0.588 seconds
Refreshing native plugins compatible for Editor in 1.06 ms, found 3 plugins.
Native extension for Android target not found
Native extension for WindowsStandalone target not found
[Package Manager] Failed to launch server process. Reason: Unity was launched with the -noUpm command-line argument
[Package Manager] Unable to send message (not connected to server process).
[Package Manager] Cannot connect to Unity Package Manager local server
Mono: successfully reloaded assembly
- Finished resetting the current domain, in  0.643 seconds
Domain Reload Profiling: 1231ms
	BeginReloadAssembly (162ms)
		ExecutionOrderSort (0ms)
		DisableScriptedObjects (5ms)
		BackupInstance (0ms)
		ReleaseScriptingObjects (0ms)
		CreateAndSetChildDomain (40ms)
	RebuildCommonClasses (34ms)
	RebuildNativeTypeToScriptingClass (11ms)
	initialDomainReloadingComplete (26ms)
	LoadAllAssembliesAndSetupDomain (355ms)
		LoadAssemblies (265ms)
		RebuildTransferFunctionScriptingTraits (0ms)
		AnalyzeDomain (157ms)
			TypeCache.Refresh (6ms)
				TypeCache.ScanAssembly (0ms)
			BuildScriptInfoCaches (135ms)
			ResolveRequiredComponents (11ms)
	FinalizeReload (644ms)
		ReleaseScriptCaches (0ms)
		RebuildScriptCaches (0ms)
		SetupLoadedEditorAssemblies (497ms)
			LogAssemblyErrors (0ms)
			InitializePlatformSupportModulesInManaged (9ms)
			SetLoadedEditorAssemblies (2ms)
			BeforeProcessingInitializeOnLoad (112ms)
			ProcessInitializeOnLoadAttributes (323ms)
			ProcessInitializeOnLoadMethodAttributes (46ms)
			AfterProcessingInitializeOnLoad (5ms)
			EditorAssembliesLoaded (0ms)
		ExecutionOrderSort2 (0ms)
		AwakeInstancesAfterBackupRestoration (15ms)
Refreshing native plugins compatible for Editor in 1.96 ms, found 3 plugins.
Preloading 0 native plugins for Editor in 0.00 ms.
Unloading 15 Unused Serialized files (Serialized files now loaded: 0)
Unloading 6150 unused Assets / (4.5 MB). Loaded Objects now: 6901.
Memory consumption went from 213.7 MB to 209.2 MB.
Total: 10.187500 ms (FindLiveObjects: 0.712700 ms CreateObjectMapping: 1.060800 ms MarkObjects: 5.174300 ms  DeleteObjects: 3.237400 ms)

Prepare: number of updated asset objects reloaded= 0
========================================================================
Received Prepare
ETC Legacy compression has been deprecated and will be removed in a future release. You can review compressors in "Project Settings > Editor > Texture Compressors".
Begin MonoManager ReloadAssembly
[Licensing::Client] Successfully resolved entitlement details
- Loaded All Assemblies, in  0.613 seconds
Refreshing native plugins compatible for Editor in 1.03 ms, found 3 plugins.
Native extension for Android target not found
Native extension for WindowsStandalone target not found
[Package Manager] Failed to launch server process. Reason: Unity was launched with the -noUpm command-line argument
[Package Manager] Unable to send message (not connected to server process).
[Package Manager] Cannot connect to Unity Package Manager local server
Mono: successfully reloaded assembly
- Finished resetting the current domain, in  0.600 seconds
Domain Reload Profiling: 1213ms
	BeginReloadAssembly (170ms)
		ExecutionOrderSort (0ms)
		DisableScriptedObjects (5ms)
		BackupInstance (0ms)
		ReleaseScriptingObjects (0ms)
		CreateAndSetChildDomain (40ms)
	RebuildCommonClasses (45ms)
	RebuildNativeTypeToScriptingClass (14ms)
	initialDomainReloadingComplete (26ms)
	LoadAllAssembliesAndSetupDomain (358ms)
		LoadAssemblies (268ms)
		RebuildTransferFunctionScriptingTraits (0ms)
		AnalyzeDomain (155ms)
			TypeCache.Refresh (8ms)
				TypeCache.ScanAssembly (0ms)
			BuildScriptInfoCaches (134ms)
			ResolveRequiredComponents (9ms)
	FinalizeReload (601ms)
		ReleaseScriptCaches (0ms)
		RebuildScriptCaches (0ms)
		SetupLoadedEditorAssemblies (458ms)
			LogAssemblyErrors (0ms)
			InitializePlatformSupportModulesInManaged (9ms)
			SetLoadedEditorAssemblies (3ms)
			BeforeProcessingInitializeOnLoad (116ms)
			ProcessInitializeOnLoadAttributes (283ms)
			ProcessInitializeOnLoadMethodAttributes (43ms)
			AfterProcessingInitializeOnLoad (5ms)
			EditorAssembliesLoaded (0ms)
		ExecutionOrderSort2 (0ms)
		AwakeInstancesAfterBackupRestoration (15ms)
Refreshing native plugins compatible for Editor in 1.83 ms, found 3 plugins.
Preloading 0 native plugins for Editor in 0.00 ms.
Unloading 15 Unused Serialized files (Serialized files now loaded: 0)
Unloading 6150 unused Assets / (4.7 MB). Loaded Objects now: 6903.
Memory consumption went from 213.7 MB to 209.0 MB.
Total: 15.761800 ms (FindLiveObjects: 0.705800 ms CreateObjectMapping: 0.781700 ms MarkObjects: 11.312100 ms  DeleteObjects: 2.960100 ms)

Prepare: number of updated asset objects reloaded= 0
========================================================================
Received Prepare
ETC Legacy compression has been deprecated and will be removed in a future release. You can review compressors in "Project Settings > Editor > Texture Compressors".
Begin MonoManager ReloadAssembly
- Loaded All Assemblies, in  0.567 seconds
Refreshing native plugins compatible for Editor in 0.99 ms, found 3 plugins.
Native extension for Android target not found
Native extension for WindowsStandalone target not found
[Package Manager] Failed to launch server process. Reason: Unity was launched with the -noUpm command-line argument
[Package Manager] Unable to send message (not connected to server process).
[Package Manager] Cannot connect to Unity Package Manager local server
Mono: successfully reloaded assembly
- Finished resetting the current domain, in  0.630 seconds
Domain Reload Profiling: 1197ms
	BeginReloadAssembly (152ms)
		ExecutionOrderSort (0ms)
		DisableScriptedObjects (5ms)
		BackupInstance (0ms)
		ReleaseScriptingObjects (0ms)
		CreateAndSetChildDomain (36ms)
	RebuildCommonClasses (30ms)
	RebuildNativeTypeToScriptingClass (11ms)
	initialDomainReloadingComplete (33ms)
	LoadAllAssembliesAndSetupDomain (341ms)
		LoadAssemblies (254ms)
		RebuildTransferFunctionScriptingTraits (0ms)
		AnalyzeDomain (148ms)
			TypeCache.Refresh (6ms)
				TypeCache.ScanAssembly (0ms)
			BuildScriptInfoCaches (129ms)
			ResolveRequiredComponents (9ms)
	FinalizeReload (631ms)
		ReleaseScriptCaches (0ms)
		RebuildScriptCaches (0ms)
		SetupLoadedEditorAssemblies (479ms)
			LogAssemblyErrors (0ms)
			InitializePlatformSupportModulesInManaged (9ms)
			SetLoadedEditorAssemblies (2ms)
			BeforeProcessingInitializeOnLoad (98ms)
			ProcessInitializeOnLoadAttributes (312ms)
			ProcessInitializeOnLoadMethodAttributes (51ms)
			AfterProcessingInitializeOnLoad (7ms)
			EditorAssembliesLoaded (0ms)
		ExecutionOrderSort2 (0ms)
		AwakeInstancesAfterBackupRestoration (16ms)
Refreshing native plugins compatible for Editor in 1.99 ms, found 3 plugins.
Preloading 0 native plugins for Editor in 0.00 ms.
Unloading 15 Unused Serialized files (Serialized files now loaded: 0)
Unloading 6150 unused Assets / (6.1 MB). Loaded Objects now: 6905.
Memory consumption went from 213.8 MB to 207.6 MB.
Total: 13.642900 ms (FindLiveObjects: 0.653900 ms CreateObjectMapping: 0.837400 ms MarkObjects: 5.256800 ms  DeleteObjects: 6.892900 ms)

Prepare: number of updated asset objects reloaded= 0
========================================================================
Received Prepare
ETC Legacy compression has been deprecated and will be removed in a future release. You can review compressors in "Project Settings > Editor > Texture Compressors".
Begin MonoManager ReloadAssembly
[Licensing::Client] Successfully resolved entitlement details
- Loaded All Assemblies, in  0.613 seconds
Refreshing native plugins compatible for Editor in 0.98 ms, found 3 plugins.
Native extension for Android target not found
Native extension for WindowsStandalone target not found
[Package Manager] Failed to launch server process. Reason: Unity was launched with the -noUpm command-line argument
[Package Manager] Unable to send message (not connected to server process).
[Package Manager] Cannot connect to Unity Package Manager local server
Mono: successfully reloaded assembly
- Finished resetting the current domain, in  0.634 seconds
Domain Reload Profiling: 1247ms
	BeginReloadAssembly (172ms)
		ExecutionOrderSort (0ms)
		DisableScriptedObjects (5ms)
		BackupInstance (0ms)
		ReleaseScriptingObjects (0ms)
		CreateAndSetChildDomain (42ms)
	RebuildCommonClasses (35ms)
	RebuildNativeTypeToScriptingClass (10ms)
	initialDomainReloadingComplete (29ms)
	LoadAllAssembliesAndSetupDomain (365ms)
		LoadAssemblies (278ms)
		RebuildTransferFunctionScriptingTraits (0ms)
		AnalyzeDomain (153ms)
			TypeCache.Refresh (8ms)
				TypeCache.ScanAssembly (0ms)
			BuildScriptInfoCaches (132ms)
			ResolveRequiredComponents (9ms)
	FinalizeReload (635ms)
		ReleaseScriptCaches (0ms)
		RebuildScriptCaches (0ms)
		SetupLoadedEditorAssemblies (487ms)
			LogAssemblyErrors (0ms)
			InitializePlatformSupportModulesInManaged (9ms)
			SetLoadedEditorAssemblies (2ms)
			BeforeProcessingInitializeOnLoad (103ms)
			ProcessInitializeOnLoadAttributes (323ms)
			ProcessInitializeOnLoadMethodAttributes (45ms)
			AfterProcessingInitializeOnLoad (5ms)
			EditorAssembliesLoaded (0ms)
		ExecutionOrderSort2 (0ms)
		AwakeInstancesAfterBackupRestoration (18ms)
Refreshing native plugins compatible for Editor in 1.82 ms, found 3 plugins.
Preloading 0 native plugins for Editor in 0.00 ms.
Unloading 15 Unused Serialized files (Serialized files now loaded: 0)
Unloading 6150 unused Assets / (4.7 MB). Loaded Objects now: 6907.
Memory consumption went from 213.8 MB to 209.1 MB.
Total: 12.880100 ms (FindLiveObjects: 0.630800 ms CreateObjectMapping: 0.988100 ms MarkObjects: 7.972000 ms  DeleteObjects: 3.286900 ms)

Prepare: number of updated asset objects reloaded= 0
========================================================================
Received Prepare
ETC Legacy compression has been deprecated and will be removed in a future release. You can review compressors in "Project Settings > Editor > Texture Compressors".
Begin MonoManager ReloadAssembly
[Licensing::Client] Successfully resolved entitlement details
- Loaded All Assemblies, in  0.600 seconds
Refreshing native plugins compatible for Editor in 0.95 ms, found 3 plugins.
Native extension for Android target not found
Native extension for WindowsStandalone target not found
[Package Manager] Failed to launch server process. Reason: Unity was launched with the -noUpm command-line argument
[Package Manager] Unable to send message (not connected to server process).
[Package Manager] Cannot connect to Unity Package Manager local server
Mono: successfully reloaded assembly
- Finished resetting the current domain, in  0.621 seconds
Domain Reload Profiling: 1221ms
	BeginReloadAssembly (170ms)
		ExecutionOrderSort (0ms)
		DisableScriptedObjects (6ms)
		BackupInstance (0ms)
		ReleaseScriptingObjects (0ms)
		CreateAndSetChildDomain (44ms)
	RebuildCommonClasses (29ms)
	RebuildNativeTypeToScriptingClass (10ms)
	initialDomainReloadingComplete (26ms)
	LoadAllAssembliesAndSetupDomain (364ms)
		LoadAssemblies (265ms)
		RebuildTransferFunctionScriptingTraits (0ms)
		AnalyzeDomain (158ms)
			TypeCache.Refresh (8ms)
				TypeCache.ScanAssembly (0ms)
			BuildScriptInfoCaches (135ms)
			ResolveRequiredComponents (9ms)
	FinalizeReload (622ms)
		ReleaseScriptCaches (0ms)
		RebuildScriptCaches (0ms)
		SetupLoadedEditorAssemblies (464ms)
			LogAssemblyErrors (0ms)
			InitializePlatformSupportModulesInManaged (11ms)
			SetLoadedEditorAssemblies (3ms)
			BeforeProcessingInitializeOnLoad (116ms)
			ProcessInitializeOnLoadAttributes (287ms)
			ProcessInitializeOnLoadMethodAttributes (42ms)
			AfterProcessingInitializeOnLoad (4ms)
			EditorAssembliesLoaded (0ms)
		ExecutionOrderSort2 (0ms)
		AwakeInstancesAfterBackupRestoration (14ms)
Refreshing native plugins compatible for Editor in 1.73 ms, found 3 plugins.
Preloading 0 native plugins for Editor in 0.00 ms.
Unloading 15 Unused Serialized files (Serialized files now loaded: 0)
Unloading 6150 unused Assets / (4.7 MB). Loaded Objects now: 6909.
Memory consumption went from 213.9 MB to 209.2 MB.
Total: 23.488300 ms (FindLiveObjects: 0.702800 ms CreateObjectMapping: 14.428100 ms MarkObjects: 5.297300 ms  DeleteObjects: 3.058300 ms)

Prepare: number of updated asset objects reloaded= 0
========================================================================
Received Prepare
ETC Legacy compression has been deprecated and will be removed in a future release. You can review compressors in "Project Settings > Editor > Texture Compressors".
Begin MonoManager ReloadAssembly
- Loaded All Assemblies, in  0.590 seconds
Refreshing native plugins compatible for Editor in 1.42 ms, found 3 plugins.
Native extension for Android target not found
Native extension for WindowsStandalone target not found
[Package Manager] Failed to launch server process. Reason: Unity was launched with the -noUpm command-line argument
[Package Manager] Unable to send message (not connected to server process).
[Package Manager] Cannot connect to Unity Package Manager local server
Mono: successfully reloaded assembly
- Finished resetting the current domain, in  0.630 seconds
Domain Reload Profiling: 1220ms
	BeginReloadAssembly (173ms)
		ExecutionOrderSort (0ms)
		DisableScriptedObjects (5ms)
		BackupInstance (0ms)
		ReleaseScriptingObjects (0ms)
		CreateAndSetChildDomain (43ms)
	RebuildCommonClasses (31ms)
	RebuildNativeTypeToScriptingClass (16ms)
	initialDomainReloadingComplete (30ms)
	LoadAllAssembliesAndSetupDomain (340ms)
		LoadAssemblies (260ms)
		RebuildTransferFunctionScriptingTraits (0ms)
		AnalyzeDomain (148ms)
			TypeCache.Refresh (6ms)
				TypeCache.ScanAssembly (0ms)
			BuildScriptInfoCaches (130ms)
			ResolveRequiredComponents (9ms)
	FinalizeReload (631ms)
		ReleaseScriptCaches (0ms)
		RebuildScriptCaches (0ms)
		SetupLoadedEditorAssemblies (484ms)
			LogAssemblyErrors (0ms)
			InitializePlatformSupportModulesInManaged (9ms)
			SetLoadedEditorAssemblies (2ms)
			BeforeProcessingInitializeOnLoad (108ms)
			ProcessInitializeOnLoadAttributes (308ms)
			ProcessInitializeOnLoadMethodAttributes (52ms)
			AfterProcessingInitializeOnLoad (5ms)
			EditorAssembliesLoaded (0ms)
		ExecutionOrderSort2 (0ms)
		AwakeInstancesAfterBackupRestoration (17ms)
Refreshing native plugins compatible for Editor in 1.96 ms, found 3 plugins.
Preloading 0 native plugins for Editor in 0.00 ms.
Unloading 15 Unused Serialized files (Serialized files now loaded: 0)
Unloading 6150 unused Assets / (5.3 MB). Loaded Objects now: 6911.
Memory consumption went from 213.9 MB to 208.6 MB.
Total: 11.169200 ms (FindLiveObjects: 0.688000 ms CreateObjectMapping: 0.947400 ms MarkObjects: 5.800300 ms  DeleteObjects: 3.731900 ms)

Prepare: number of updated asset objects reloaded= 0
========================================================================
Received Prepare
ETC Legacy compression has been deprecated and will be removed in a future release. You can review compressors in "Project Settings > Editor > Texture Compressors".
Begin MonoManager ReloadAssembly
[Licensing::Client] Successfully resolved entitlement details
- Loaded All Assemblies, in  0.573 seconds
Refreshing native plugins compatible for Editor in 1.00 ms, found 3 plugins.
Native extension for Android target not found
Native extension for WindowsStandalone target not found
[Package Manager] Failed to launch server process. Reason: Unity was launched with the -noUpm command-line argument
[Package Manager] Unable to send message (not connected to server process).
[Package Manager] Cannot connect to Unity Package Manager local server
Mono: successfully reloaded assembly
- Finished resetting the current domain, in  0.640 seconds
Domain Reload Profiling: 1213ms
	BeginReloadAssembly (162ms)
		ExecutionOrderSort (0ms)
		DisableScriptedObjects (5ms)
		BackupInstance (0ms)
		ReleaseScriptingObjects (0ms)
		CreateAndSetChildDomain (40ms)
	RebuildCommonClasses (30ms)
	RebuildNativeTypeToScriptingClass (11ms)
	initialDomainReloadingComplete (25ms)
	LoadAllAssembliesAndSetupDomain (344ms)
		LoadAssemblies (251ms)
		RebuildTransferFunctionScriptingTraits (0ms)
		AnalyzeDomain (150ms)
			TypeCache.Refresh (6ms)
				TypeCache.ScanAssembly (0ms)
			BuildScriptInfoCaches (130ms)
			ResolveRequiredComponents (9ms)
	FinalizeReload (641ms)
		ReleaseScriptCaches (0ms)
		RebuildScriptCaches (0ms)
		SetupLoadedEditorAssemblies (501ms)
			LogAssemblyErrors (0ms)
			InitializePlatformSupportModulesInManaged (10ms)
			SetLoadedEditorAssemblies (3ms)
			BeforeProcessingInitializeOnLoad (109ms)
			ProcessInitializeOnLoadAttributes (321ms)
			ProcessInitializeOnLoadMethodAttributes (53ms)
			AfterProcessingInitializeOnLoad (6ms)
			EditorAssembliesLoaded (0ms)
		ExecutionOrderSort2 (0ms)
		AwakeInstancesAfterBackupRestoration (16ms)
Refreshing native plugins compatible for Editor in 2.10 ms, found 3 plugins.
Preloading 0 native plugins for Editor in 0.00 ms.
Unloading 15 Unused Serialized files (Serialized files now loaded: 0)
Unloading 6150 unused Assets / (4.8 MB). Loaded Objects now: 6913.
Memory consumption went from 213.9 MB to 209.1 MB.
Total: 10.735700 ms (FindLiveObjects: 0.755600 ms CreateObjectMapping: 1.083600 ms MarkObjects: 5.195400 ms  DeleteObjects: 3.699100 ms)

Prepare: number of updated asset objects reloaded= 0
========================================================================
Received Import Request.
  Time since last request: 2548.511180 seconds.
  path: Assets/Viking Village/Boat Attack Water System/Shaders/Graphs/Direction.shadersubgraph
  artifactKey: Guid(b736aebad82ef413a938600669d91b16) Importer(2089858483,192608db42251d675da83286b1cce702)
Start importing Assets/Viking Village/Boat Attack Water System/Shaders/Graphs/Direction.shadersubgraph using Guid(b736aebad82ef413a938600669d91b16) Importer(2089858483,192608db42251d675da83286b1cce702) (ScriptedImporter) -> (artifact id: 'b50bde5b3328c3556d899083afbffb8b') in 0.2594954 seconds
Number of updated asset objects reloaded before import = 0Number of asset objects unloaded after import = 1

========================================================================
Received Import Request.
  Time since last request: 0.000025 seconds.
  path: Assets/Viking Village/Boat Attack Water System/Textures/SurfaceSequence/water_Final Color Output0015.png
  artifactKey: Guid(fc2e8a4c25492434b8a67900b8474997) Importer(2089858483,192608db42251d675da83286b1cce702)
Start importing Assets/Viking Village/Boat Attack Water System/Textures/SurfaceSequence/water_Final Color Output0015.png using Guid(fc2e8a4c25492434b8a67900b8474997) Importer(2089858483,192608db42251d675da83286b1cce702) (ScriptedImporter)[Licensing::Client] Successfully resolved entitlement details
 -> (artifact id: '24c58f0fbeb106b4f4c24af8f756139e') in 0.0941874 seconds
Number of updated asset objects reloaded before import = 0Number of asset objects unloaded after import = 1

========================================================================
Received Import Request.
  Time since last request: 0.000027 seconds.
  path: Assets/Viking Village/Models/Props/Materials/mat_shield_01.mat
  artifactKey: Guid(c20bc2f217b24c4499acb5cd552d0d8b) Importer(2089858483,192608db42251d675da83286b1cce702)
Start importing Assets/Viking Village/Models/Props/Materials/mat_shield_01.mat using Guid(c20bc2f217b24c4499acb5cd552d0d8b) Importer(2089858483,192608db42251d675da83286b1cce702) (ScriptedImporter) -> (artifact id: '8b86011ec11f076a9b6cdd61946997ea') in 0.0808532 seconds
Number of updated asset objects reloaded before import = 0Number of asset objects unloaded after import = 9

========================================================================
Received Prepare
ETC Legacy compression has been deprecated and will be removed in a future release. You can review compressors in "Project Settings > Editor > Texture Compressors".
Begin MonoManager ReloadAssembly
[Licensing::Client] Successfully resolved entitlement details
- Loaded All Assemblies, in  0.662 seconds
Refreshing native plugins compatible for Editor in 0.96 ms, found 3 plugins.
Native extension for Android target not found
Native extension for WindowsStandalone target not found
[Package Manager] Failed to launch server process. Reason: Unity was launched with the -noUpm command-line argument
[Package Manager] Unable to send message (not connected to server process).
[Package Manager] Cannot connect to Unity Package Manager local server
Mono: successfully reloaded assembly
- Finished resetting the current domain, in  0.763 seconds
Domain Reload Profiling: 1426ms
	BeginReloadAssembly (203ms)
		ExecutionOrderSort (0ms)
		DisableScriptedObjects (8ms)
		BackupInstance (0ms)
		ReleaseScriptingObjects (0ms)
		CreateAndSetChildDomain (67ms)
	RebuildCommonClasses (31ms)
	RebuildNativeTypeToScriptingClass (11ms)
	initialDomainReloadingComplete (25ms)
	LoadAllAssembliesAndSetupDomain (392ms)
		LoadAssemblies (289ms)
		RebuildTransferFunctionScriptingTraits (0ms)
		AnalyzeDomain (172ms)
			TypeCache.Refresh (6ms)
				TypeCache.ScanAssembly (0ms)
			BuildScriptInfoCaches (149ms)
			ResolveRequiredComponents (11ms)
	FinalizeReload (764ms)
		ReleaseScriptCaches (0ms)
		RebuildScriptCaches (0ms)
		SetupLoadedEditorAssemblies (571ms)
			LogAssemblyErrors (0ms)
			InitializePlatformSupportModulesInManaged (9ms)
			SetLoadedEditorAssemblies (3ms)
			BeforeProcessingInitializeOnLoad (131ms)
			ProcessInitializeOnLoadAttributes (365ms)
			ProcessInitializeOnLoadMethodAttributes (56ms)
			AfterProcessingInitializeOnLoad (6ms)
			EditorAssembliesLoaded (0ms)
		ExecutionOrderSort2 (0ms)
		AwakeInstancesAfterBackupRestoration (20ms)
Refreshing native plugins compatible for Editor in 2.28 ms, found 3 plugins.
Preloading 0 native plugins for Editor in 0.00 ms.
Unloading 15 Unused Serialized files (Serialized files now loaded: 0)
Unloading 6150 unused Assets / (4.7 MB). Loaded Objects now: 6915.
Memory consumption went from 213.9 MB to 209.2 MB.
Total: 12.376900 ms (FindLiveObjects: 0.732400 ms CreateObjectMapping: 0.902400 ms MarkObjects: 6.746100 ms  DeleteObjects: 3.993700 ms)

Prepare: number of updated asset objects reloaded= 0
========================================================================
Received Import Request.
  Time since last request: 45.160685 seconds.
  path: Assets/Viking Village/Book of the Dead/Vegetation/BroadleafShrub_01/Materials/Broadleaf_Shrub_01_Thickness.tif
  artifactKey: Guid(eeb147f9ea9e0d744837f4a4936890f1) Importer(2089858483,192608db42251d675da83286b1cce702)
Start importing Assets/Viking Village/Book of the Dead/Vegetation/BroadleafShrub_01/Materials/Broadleaf_Shrub_01_Thickness.tif using Guid(eeb147f9ea9e0d744837f4a4936890f1) Importer(2089858483,192608db42251d675da83286b1cce702) (ScriptedImporter) -> (artifact id: 'e5438bb092a6830f492607da3bca9a5a') in 0.3894475 seconds
Number of updated asset objects reloaded before import = 0Number of asset objects unloaded after import = 1

========================================================================
Received Import Request.
  Time since last request: 0.000019 seconds.
  path: Assets/Viking Village/Book of the Dead/Vegetation/BroadleafShrub_01/Materials/Broadleaf_Shrub_01_Normal.tif
  artifactKey: Guid(5b6e769e83c9633408dab0ad517fc7bc) Importer(2089858483,192608db42251d675da83286b1cce702)
Start importing Assets/Viking Village/Book of the Dead/Vegetation/BroadleafShrub_01/Materials/Broadleaf_Shrub_01_Normal.tif using Guid(5b6e769e83c9633408dab0ad517fc7bc) Importer(2089858483,192608db42251d675da83286b1cce702) (ScriptedImporter) -> (artifact id: 'cbb7a356fee61b23e12a3659d11bc66c') in 0.0378097 seconds
Number of updated asset objects reloaded before import = 0Number of asset objects unloaded after import = 1

========================================================================
Received Import Request.
  Time since last request: 0.000026 seconds.
  path: Assets/Viking Village/Boat Attack Water System/Scripts/BuoyantObject.cs
  artifactKey: Guid(3d5ac9593b59d4847815e4528b52a6d2) Importer(2089858483,192608db42251d675da83286b1cce702)
Start importing Assets/Viking Village/Boat Attack Water System/Scripts/BuoyantObject.cs using Guid(3d5ac9593b59d4847815e4528b52a6d2) Importer(2089858483,192608db42251d675da83286b1cce702) (ScriptedImporter) -> (artifact id: 'b2dbdd37840a1674267a0623c394cc17') in 0.029077 seconds
Number of updated asset objects reloaded before import = 0Number of asset objects unloaded after import = 0

========================================================================
Received Import Request.
  Time since last request: 0.000018 seconds.
  path: Assets/Viking Village/Models/Props/prop_fence_02_double.fbx
  artifactKey: Guid(af2dbc1c15da1634796de9b26a2fc305) Importer(2089858483,192608db42251d675da83286b1cce702)
Start importing Assets/Viking Village/Models/Props/prop_fence_02_double.fbx using Guid(af2dbc1c15da1634796de9b26a2fc305) Importer(2089858483,192608db42251d675da83286b1cce702) (ScriptedImporter) -> (artifact id: '02642dc809603c2a6e38c822b16db0b7') in 0.090309 seconds
Number of updated asset objects reloaded before import = 0Number of asset objects unloaded after import = 8

========================================================================
Received Import Request.
  Time since last request: 0.000022 seconds.
  path: Assets/Viking Village/Book of the Dead/Vegetation/BroadleafShrub_01/Materials
  artifactKey: Guid(4e8aa743ff4d754458d8528644a1361d) Importer(2089858483,192608db42251d675da83286b1cce702)
Start importing Assets/Viking Village/Book of the Dead/Vegetation/BroadleafShrub_01/Materials using Guid(4e8aa743ff4d754458d8528644a1361d) Importer(2089858483,192608db42251d675da83286b1cce702) (ScriptedImporter) -> (artifact id: '35415216f859d85fdf5c3644681d8e20') in 0.0239457 seconds
Number of updated asset objects reloaded before import = 0Number of asset objects unloaded after import = 1

========================================================================
Received Import Request.
  Time since last request: 0.000025 seconds.
  path: Assets/Viking Village/Models/Vegetation/veg_plant_02.fbx
  artifactKey: Guid(ef6be6d1fac4a21458c4dcb319deabd9) Importer(2089858483,192608db42251d675da83286b1cce702)
Start importing Assets/Viking Village/Models/Vegetation/veg_plant_02.fbx using Guid(ef6be6d1fac4a21458c4dcb319deabd9) Importer(2089858483,192608db42251d675da83286b1cce702) (ScriptedImporter) -> (artifact id: 'd97fed154cea0a00fd14405226eb1a34') in 0.0535919 seconds
Number of updated asset objects reloaded before import = 0Number of asset objects unloaded after import = 8

========================================================================
Received Import Request.
  Time since last request: 0.000017 seconds.
  path: Assets/Viking Village/Boat Attack Water System/Textures/SurfaceSequence/water_Final Color Output0008.png
  artifactKey: Guid(2e5c69bf561f94a4c872042f9299a94f) Importer(2089858483,192608db42251d675da83286b1cce702)
Start importing Assets/Viking Village/Boat Attack Water System/Textures/SurfaceSequence/water_Final Color Output0008.png using Guid(2e5c69bf561f94a4c872042f9299a94f) Importer(2089858483,192608db42251d675da83286b1cce702) (ScriptedImporter) -> (artifact id: 'ca51579c13243b9e3ff259916a7a01e5') in 0.0510799 seconds
Number of updated asset objects reloaded before import = 0Number of asset objects unloaded after import = 1

========================================================================
Received Import Request.
  Time since last request: 0.000017 seconds.
  path: Assets/Viking Village/Models/Props/Materials/mat_menhir_01.mat
  artifactKey: Guid(3bf2bf008a9487943bd0022c15ea48d5) Importer(2089858483,192608db42251d675da83286b1cce702)
Start importing Assets/Viking Village/Models/Props/Materials/mat_menhir_01.mat using Guid(3bf2bf008a9487943bd0022c15ea48d5) Importer(2089858483,192608db42251d675da83286b1cce702) (ScriptedImporter) -> (artifact id: '4937c2cd3e2c2bb0a808f63e92338133') in 0.057335 seconds
Number of updated asset objects reloaded before import = 0Number of asset objects unloaded after import = 7

========================================================================
Received Import Request.
  Time since last request: 0.000026 seconds.
  path: Assets/Viking Village/Boat Attack Water System/Shaders/GerstnerWaves.hlsl
  artifactKey: Guid(218546c4603ef4cbd9ebc00e80bf714d) Importer(2089858483,192608db42251d675da83286b1cce702)
Start importing Assets/Viking Village/Boat Attack Water System/Shaders/GerstnerWaves.hlsl using Guid(218546c4603ef4cbd9ebc00e80bf714d) Importer(2089858483,192608db42251d675da83286b1cce702) (ScriptedImporter) -> (artifact id: '1dc4e41b394e85a239b5cf72ee678fe4') in 0.0458785 seconds
Number of updated asset objects reloaded before import = 0Number of asset objects unloaded after import = 1

========================================================================
Received Import Request.
  Time since last request: 0.000027 seconds.
  path: Assets/Viking Village/Boat Attack Water System/Scripts/Data/WaterSurfaceData.asset
  artifactKey: Guid(846f3dc3b5341447a86687211f741bc7) Importer(2089858483,192608db42251d675da83286b1cce702)
Start importing Assets/Viking Village/Boat Attack Water System/Scripts/Data/WaterSurfaceData.asset using Guid(846f3dc3b5341447a86687211f741bc7) Importer(2089858483,192608db42251d675da83286b1cce702) (ScriptedImporter) -> (artifact id: '709ffc4f90f384c08d677b849768489c') in 0.0408696 seconds
Number of updated asset objects reloaded before import = 0Number of asset objects unloaded after import = 1

========================================================================
Received Import Request.
  Time since last request: 0.000017 seconds.
  path: Assets/Viking Village/Boat Attack Water System/Scripts/GerstnerWavesJobs.cs
  artifactKey: Guid(e09f45dd7e088412e85c5924433ad4ff) Importer(2089858483,192608db42251d675da83286b1cce702)
Start importing Assets/Viking Village/Boat Attack Water System/Scripts/GerstnerWavesJobs.cs using Guid(e09f45dd7e088412e85c5924433ad4ff) Importer(2089858483,192608db42251d675da83286b1cce702) (ScriptedImporter) -> (artifact id: '6fc86c8794500a12065c1aa8b44f2693') in 0.0214357 seconds
Number of updated asset objects reloaded before import = 0Number of asset objects unloaded after import = 0

========================================================================
Received Import Request.
  Time since last request: 0.000020 seconds.
  path: Assets/Viking Village/Models/Props/prop_boardwalk_01.FBX
  artifactKey: Guid(ce36f87d0964b71438a24600649180ba) Importer(2089858483,192608db42251d675da83286b1cce702)
Start importing Assets/Viking Village/Models/Props/prop_boardwalk_01.FBX using Guid(ce36f87d0964b71438a24600649180ba) Importer(2089858483,192608db42251d675da83286b1cce702) (ScriptedImporter) -> (artifact id: '0b0071d107a789f8eee3e1f40475d1eb') in 0.0978886 seconds
Number of updated asset objects reloaded before import = 0Number of asset objects unloaded after import = 139

========================================================================
Received Import Request.
  Time since last request: 0.000025 seconds.
  path: Assets/Viking Village/Book of the Dead/Vegetation/MeadowGrass_01/Meadow_Grass_01_Var4_Prefab.prefab
  artifactKey: Guid(10828e5ac37bd8d4da40f0e24eedc4e6) Importer(2089858483,192608db42251d675da83286b1cce702)
Start importing Assets/Viking Village/Book of the Dead/Vegetation/MeadowGrass_01/Meadow_Grass_01_Var4_Prefab.prefab using Guid(10828e5ac37bd8d4da40f0e24eedc4e6) Importer(2089858483,192608db42251d675da83286b1cce702) (ScriptedImporter) -> (artifact id: 'f0b38fda7bb36ee0337deb8cf519dd93') in 0.0302645 seconds
Number of updated asset objects reloaded before import = 0Number of asset objects unloaded after import = 20

========================================================================
Received Import Request.
  Time since last request: 0.000034 seconds.
  path: Assets/Viking Village/Boat Attack Water System/Editor/PlanarSettingsDrawer.cs
  artifactKey: Guid(e0bc0b238a7fa4c69938228f2c8d657e) Importer(2089858483,192608db42251d675da83286b1cce702)
Start importing Assets/Viking Village/Boat Attack Water System/Editor/PlanarSettingsDrawer.cs using Guid(e0bc0b238a7fa4c69938228f2c8d657e) Importer(2089858483,192608db42251d675da83286b1cce702) (ScriptedImporter) -> (artifact id: '2f5942d243cd7892ba5983b63336b2d7') in 0.0323636 seconds
Number of updated asset objects reloaded before import = 0Number of asset objects unloaded after import = 0

========================================================================
Received Import Request.
  Time since last request: 0.000015 seconds.
  path: Assets/Viking Village/Models/Props/prop_plank_01.fbx
  artifactKey: Guid(a76543a557516f34a88087000a3a2c7b) Importer(2089858483,192608db42251d675da83286b1cce702)
Start importing Assets/Viking Village/Models/Props/prop_plank_01.fbx using Guid(a76543a557516f34a88087000a3a2c7b) Importer(2089858483,192608db42251d675da83286b1cce702) (ScriptedImporter) -> (artifact id: 'b73573872b47a5bc5e980add73eacf93') in 0.0513767 seconds
Number of updated asset objects reloaded before import = 0Number of asset objects unloaded after import = 8

========================================================================
Received Import Request.
  Time since last request: 0.000019 seconds.
  path: Assets/Viking Village/Models/Props/Materials/mat_skull_01.mat
  artifactKey: Guid(b3efaf014aae15c41948470e1314f101) Importer(2089858483,192608db42251d675da83286b1cce702)
Start importing Assets/Viking Village/Models/Props/Materials/mat_skull_01.mat using Guid(b3efaf014aae15c41948470e1314f101) Importer(2089858483,192608db42251d675da83286b1cce702) (ScriptedImporter) -> (artifact id: 'b3c14039ae8d4f19430b6d9ac82373a5') in 0.0418218 seconds
Number of updated asset objects reloaded before import = 0Number of asset objects unloaded after import = 9

========================================================================
Received Import Request.
  Time since last request: 0.000024 seconds.
  path: Assets/Viking Village/Models/Props/prop_barrel_01.fbx
  artifactKey: Guid(fa23ba21d03513f46b70227bb5a7dc67) Importer(2089858483,192608db42251d675da83286b1cce702)
Start importing Assets/Viking Village/Models/Props/prop_barrel_01.fbx using Guid(fa23ba21d03513f46b70227bb5a7dc67) Importer(2089858483,192608db42251d675da83286b1cce702) (ScriptedImporter) -> (artifact id: '43dfa68df5183a30262b4a9a1bf12275') in 0.049742 seconds
Number of updated asset objects reloaded before import = 0Number of asset objects unloaded after import = 8

========================================================================
Received Import Request.
  Time since last request: 0.000039 seconds.
  path: Assets/Viking Village/Boat Attack Water System/Shaders
  artifactKey: Guid(6aab7b5e54a384c2790bfb04db9d7cfe) Importer(2089858483,192608db42251d675da83286b1cce702)
Start importing Assets/Viking Village/Boat Attack Water System/Shaders using Guid(6aab7b5e54a384c2790bfb04db9d7cfe) Importer(2089858483,192608db42251d675da83286b1cce702) (ScriptedImporter) -> (artifact id: '32298399c3fe6a707cf1029dc9c700ca') in 0.0204599 seconds
Number of updated asset objects reloaded before import = 0Number of asset objects unloaded after import = 1

========================================================================
Received Import Request.
  Time since last request: 0.000017 seconds.
  path: Assets/Viking Village/Models/Props/prop_plankpile_01.fbx
  artifactKey: Guid(d65ca9cd416b24674b3814c08b317d8a) Importer(2089858483,192608db42251d675da83286b1cce702)
Start importing Assets/Viking Village/Models/Props/prop_plankpile_01.fbx using Guid(d65ca9cd416b24674b3814c08b317d8a) Importer(2089858483,192608db42251d675da83286b1cce702) (ScriptedImporter) -> (artifact id: 'cc668b0791139c212213689a13c94542') in 0.0417706 seconds
Number of updated asset objects reloaded before import = 0Number of asset objects unloaded after import = 8

========================================================================
Received Import Request.
  Time since last request: 0.000023 seconds.
  path: Assets/Viking Village/Book of the Dead/Vegetation/Ferns/Materials
  artifactKey: Guid(9b32b71e64ff820489b41c3a0dc9aa0a) Importer(2089858483,192608db42251d675da83286b1cce702)
Start importing Assets/Viking Village/Book of the Dead/Vegetation/Ferns/Materials using Guid(9b32b71e64ff820489b41c3a0dc9aa0a) Importer(2089858483,192608db42251d675da83286b1cce702) (ScriptedImporter) -> (artifact id: '76b96b0e24b589929123d1938f0bbdaa') in 0.0246985 seconds
Number of updated asset objects reloaded before import = 0Number of asset objects unloaded after import = 1

========================================================================
Received Import Request.
  Time since last request: 0.000022 seconds.
  path: Assets/Viking Village/Book of the Dead/Vegetation/GreenBush/Materials/GreenBush_Thickness.tif
  artifactKey: Guid(d5dc466cc110ed940ae2fee2dad6c3e0) Importer(2089858483,192608db42251d675da83286b1cce702)
Start importing Assets/Viking Village/Book of the Dead/Vegetation/GreenBush/Materials/GreenBush_Thickness.tif using Guid(d5dc466cc110ed940ae2fee2dad6c3e0) Importer(2089858483,192608db42251d675da83286b1cce702) (ScriptedImporter) -> (artifact id: '4d8dffb0040342e93a8e57a849e053d3') in 0.0364821 seconds
Number of updated asset objects reloaded before import = 0Number of asset objects unloaded after import = 1

========================================================================
Received Import Request.
  Time since last request: 0.000034 seconds.
  path: Assets/Viking Village/Book of the Dead/Vegetation/Ferns/Materials/Ferns.mat
  artifactKey: Guid(dfbcd4f54630b124481b6c79b6c04b4c) Importer(2089858483,192608db42251d675da83286b1cce702)
Start importing Assets/Viking Village/Book of the Dead/Vegetation/Ferns/Materials/Ferns.mat using Guid(dfbcd4f54630b124481b6c79b6c04b4c) Importer(2089858483,192608db42251d675da83286b1cce702) (ScriptedImporter) -> (artifact id: '5db0ace422f3947cd35e033ab7dc91ca') in 0.0486033 seconds
Number of updated asset objects reloaded before import = 0Number of asset objects unloaded after import = 12

========================================================================
Received Import Request.
  Time since last request: 0.000019 seconds.
  path: Assets/Viking Village/Book of the Dead/Vegetation/Plant_Perennials/PH_Plant_Perennials_a2_1x1x2_C_Prefab.prefab
  artifactKey: Guid(caaa42002c2d13d439d5f77307462e84) Importer(2089858483,192608db42251d675da83286b1cce702)
Start importing Assets/Viking Village/Book of the Dead/Vegetation/Plant_Perennials/PH_Plant_Perennials_a2_1x1x2_C_Prefab.prefab using Guid(caaa42002c2d13d439d5f77307462e84) Importer(2089858483,192608db42251d675da83286b1cce702) (ScriptedImporter) -> (artifact id: 'f00ec0c6e29c4934f8f5c58c4dadb6b9') in 0.0251595 seconds
Number of updated asset objects reloaded before import = 0Number of asset objects unloaded after import = 20

========================================================================
Received Import Request.
  Time since last request: 0.000039 seconds.
  path: Assets/Viking Village/Models/Props/prop_shield_01.fbx
  artifactKey: Guid(1f6399aa9d830fb4180fd4fa78aa2138) Importer(2089858483,192608db42251d675da83286b1cce702)
Start importing Assets/Viking Village/Models/Props/prop_shield_01.fbx using Guid(1f6399aa9d830fb4180fd4fa78aa2138) Importer(2089858483,192608db42251d675da83286b1cce702) (ScriptedImporter) -> (artifact id: '21675bdd785cf76c2d6fa04ed18afada') in 0.0405787 seconds
Number of updated asset objects reloaded before import = 0Number of asset objects unloaded after import = 8

========================================================================
Received Import Request.
  Time since last request: 0.000022 seconds.
  path: Assets/Viking Village/Book of the Dead/Vegetation/GreenBush/Materials/GreenBush_Normal.tif
  artifactKey: Guid(b549ba5fbb23ce8499d077f7561f2b75) Importer(2089858483,192608db42251d675da83286b1cce702)
Start importing Assets/Viking Village/Book of the Dead/Vegetation/GreenBush/Materials/GreenBush_Normal.tif using Guid(b549ba5fbb23ce8499d077f7561f2b75) Importer(2089858483,192608db42251d675da83286b1cce702) (ScriptedImporter) -> (artifact id: '265d08e97c190ac67e205b94e02b1030') in 0.0478056 seconds
Number of updated asset objects reloaded before import = 0Number of asset objects unloaded after import = 1

========================================================================
Received Import Request.
  Time since last request: 0.000027 seconds.
  path: Assets/Viking Village/Book of the Dead/Vegetation/MeadowGrass_01/Materials/Meadow_Grass_01_Normal.tif
  artifactKey: Guid(9a1568052101f2f48ba76e7342adc3f3) Importer(2089858483,192608db42251d675da83286b1cce702)
Start importing Assets/Viking Village/Book of the Dead/Vegetation/MeadowGrass_01/Materials/Meadow_Grass_01_Normal.tif using Guid(9a1568052101f2f48ba76e7342adc3f3) Importer(2089858483,192608db42251d675da83286b1cce702) (ScriptedImporter) -> (artifact id: '6d88d8fceb01bc58ec986d0b7d2bb2ae') in 0.030923 seconds
Number of updated asset objects reloaded before import = 0Number of asset objects unloaded after import = 1

========================================================================
Received Import Request.
  Time since last request: 0.000022 seconds.
  path: Assets/Viking Village/Book of the Dead/Vegetation/GreenBush/Materials/GreenBush_MaskMap.tif
  artifactKey: Guid(8a6fe466893cf304892499801f868ed8) Importer(2089858483,192608db42251d675da83286b1cce702)
Start importing Assets/Viking Village/Book of the Dead/Vegetation/GreenBush/Materials/GreenBush_MaskMap.tif using Guid(8a6fe466893cf304892499801f868ed8) Importer(2089858483,192608db42251d675da83286b1cce702) (ScriptedImporter) -> (artifact id: '1bbcb63706d48294df5bbd6903f43f00') in 0.0294317 seconds
Number of updated asset objects reloaded before import = 0Number of asset objects unloaded after import = 1

========================================================================
Received Import Request.
  Time since last request: 0.000019 seconds.
  path: Assets/Viking Village/Models/Props/prop_shovel_01.fbx
  artifactKey: Guid(69064aed2caf1fa4b96b8d5f0e92f443) Importer(2089858483,192608db42251d675da83286b1cce702)
Start importing Assets/Viking Village/Models/Props/prop_shovel_01.fbx using Guid(69064aed2caf1fa4b96b8d5f0e92f443) Importer(2089858483,192608db42251d675da83286b1cce702) (ScriptedImporter) -> (artifact id: 'c07060e0579aea8e6fcf3b02321e2620') in 0.0394839 seconds
Number of updated asset objects reloaded before import = 0Number of asset objects unloaded after import = 8

========================================================================
Received Import Request.
  Time since last request: 0.000030 seconds.
  path: Assets/Viking Village/Boat Attack Water System/Textures/SurfaceSequence/water_Final Color Output0013.png
  artifactKey: Guid(83433fb2612b7433c8b2f44138af5483) Importer(2089858483,192608db42251d675da83286b1cce702)
Start importing Assets/Viking Village/Boat Attack Water System/Textures/SurfaceSequence/water_Final Color Output0013.png using Guid(83433fb2612b7433c8b2f44138af5483) Importer(2089858483,192608db42251d675da83286b1cce702) (ScriptedImporter) -> (artifact id: '4bf6543f7d0ab91c6e72b6794d880250') in 0.0441877 seconds
Number of updated asset objects reloaded before import = 0Number of asset objects unloaded after import = 1

========================================================================
Received Import Request.
  Time since last request: 0.000028 seconds.
  path: Assets/Viking Village/Boat Attack Water System/Editor/WaterSettingsDataEditor.cs
  artifactKey: Guid(0935a4ad227524d3cae739e174b846b2) Importer(2089858483,192608db42251d675da83286b1cce702)
Start importing Assets/Viking Village/Boat Attack Water System/Editor/WaterSettingsDataEditor.cs using Guid(0935a4ad227524d3cae739e174b846b2) Importer(2089858483,192608db42251d675da83286b1cce702) (ScriptedImporter) -> (artifact id: '9f5747057a14cc18316933a0a9c12fb9') in 0.0260526 seconds
Number of updated asset objects reloaded before import = 0Number of asset objects unloaded after import = 0

========================================================================
Received Import Request.
  Time since last request: 0.000020 seconds.
  path: Assets/Viking Village/Boat Attack Water System/Materials/InfiniteWater.mat
  artifactKey: Guid(e9927401bf96341d5bba91ea4c815e14) Importer(2089858483,192608db42251d675da83286b1cce702)
Start importing Assets/Viking Village/Boat Attack Water System/Materials/InfiniteWater.mat using Guid(e9927401bf96341d5bba91ea4c815e14) Importer(2089858483,192608db42251d675da83286b1cce702) (ScriptedImporter) -> (artifact id: '2b7f6593a15b1e1f7b97a163c3ca1b85') in 0.0228086 seconds
Number of updated asset objects reloaded before import = 0Number of asset objects unloaded after import = 1

========================================================================
Received Import Request.
  Time since last request: 0.000016 seconds.
  path: Assets/Viking Village/Book of the Dead/Vegetation/MeadowGrass_01/Meadow_Grass_01_Var5_Prefab.prefab
  artifactKey: Guid(3307d021f8c7f6d41bd96741ce7ac05e) Importer(2089858483,192608db42251d675da83286b1cce702)
Start importing Assets/Viking Village/Book of the Dead/Vegetation/MeadowGrass_01/Meadow_Grass_01_Var5_Prefab.prefab using Guid(3307d021f8c7f6d41bd96741ce7ac05e) Importer(2089858483,192608db42251d675da83286b1cce702) (ScriptedImporter) -> (artifact id: '3a5c1c2e1db290669eaa484c03a8594f') in 0.0425223 seconds
Number of updated asset objects reloaded before import = 0Number of asset objects unloaded after import = 20

========================================================================
Received Import Request.
  Time since last request: 0.000021 seconds.
  path: Assets/Viking Village/Book of the Dead/Vegetation/MeadowGrass_01/Materials/Meadow_Grass_01.mat
  artifactKey: Guid(2022d5be69b5bf145b4605d7613cd115) Importer(2089858483,192608db42251d675da83286b1cce702)
Start importing Assets/Viking Village/Book of the Dead/Vegetation/MeadowGrass_01/Materials/Meadow_Grass_01.mat using Guid(2022d5be69b5bf145b4605d7613cd115) Importer(2089858483,192608db42251d675da83286b1cce702) (ScriptedImporter) -> (artifact id: '3638d3e3fc49bcc33e2927a00b70c70f') in 0.0302141 seconds
Number of updated asset objects reloaded before import = 0Number of asset objects unloaded after import = 12

========================================================================
Received Import Request.
  Time since last request: 0.000028 seconds.
  path: Assets/Viking Village/Models/Props/Materials/mat_bucket_01.mat
  artifactKey: Guid(89ee76b34fd87a84b848ee920c80fd1c) Importer(2089858483,192608db42251d675da83286b1cce702)
Start importing Assets/Viking Village/Models/Props/Materials/mat_bucket_01.mat using Guid(89ee76b34fd87a84b848ee920c80fd1c) Importer(2089858483,192608db42251d675da83286b1cce702) (ScriptedImporter) -> (artifact id: 'd033151fe667f7d1b4e53ae7991438dd') in 0.080612 seconds
Number of updated asset objects reloaded before import = 0Number of asset objects unloaded after import = 12

========================================================================
Received Import Request.
  Time since last request: 0.000023 seconds.
  path: Assets/Viking Village/Models/Props/prop_barrels_01.fbx
  artifactKey: Guid(0ad98a3159ce54ceaa42d70e62733d61) Importer(2089858483,192608db42251d675da83286b1cce702)
Start importing Assets/Viking Village/Models/Props/prop_barrels_01.fbx using Guid(0ad98a3159ce54ceaa42d70e62733d61) Importer(2089858483,192608db42251d675da83286b1cce702) (ScriptedImporter) -> (artifact id: '91d235e0acfd9b13d07049515bd1436c') in 0.063246 seconds
Number of updated asset objects reloaded before import = 0Number of asset objects unloaded after import = 8

========================================================================
Received Import Request.
  Time since last request: 0.000020 seconds.
  path: Assets/Viking Village/Models/Props/prop_shed_02.fbx
  artifactKey: Guid(a6acaec5e033b1644953c42e3b9b0d43) Importer(2089858483,192608db42251d675da83286b1cce702)
Start importing Assets/Viking Village/Models/Props/prop_shed_02.fbx using Guid(a6acaec5e033b1644953c42e3b9b0d43) Importer(2089858483,192608db42251d675da83286b1cce702) (ScriptedImporter) -> (artifact id: '8529cc9e5d482fd969cf84ad7d7d7a96') in 0.0446475 seconds
Number of updated asset objects reloaded before import = 0Number of asset objects unloaded after import = 8

========================================================================
Received Import Request.
  Time since last request: 0.000032 seconds.
  path: Assets/Viking Village/Boat Attack Water System/Prefabs/WaterSurfaceData.asset
  artifactKey: Guid(9e1c83d2d3fac4b94b91c7b3a80ce964) Importer(2089858483,192608db42251d675da83286b1cce702)
Start importing Assets/Viking Village/Boat Attack Water System/Prefabs/WaterSurfaceData.asset using Guid(9e1c83d2d3fac4b94b91c7b3a80ce964) Importer(2089858483,192608db42251d675da83286b1cce702) (ScriptedImporter) -> (artifact id: '17c8582d243781807ca6c3c0109db01d') in 0.0246744 seconds
Number of updated asset objects reloaded before import = 0Number of asset objects unloaded after import = 1

========================================================================
Received Import Request.
  Time since last request: 0.000016 seconds.
  path: Assets/PlayerController.cs
  artifactKey: Guid(6afabef9fb2491241a6c327c17690f3b) Importer(2089858483,192608db42251d675da83286b1cce702)
Start importing Assets/PlayerController.cs using Guid(6afabef9fb2491241a6c327c17690f3b) Importer(2089858483,192608db42251d675da83286b1cce702) (ScriptedImporter) -> (artifact id: 'a27a7c7b4f58b3480c04e74645d673a3') in 0.024598 seconds
Number of updated asset objects reloaded before import = 0Number of asset objects unloaded after import = 0

========================================================================
Received Import Request.
  Time since last request: 0.000016 seconds.
  path: Assets/Viking Village/Book of the Dead/Vegetation/Plant_Perennials/PH_Plant_Perennials_a4_1x1x0.FBX
  artifactKey: Guid(67299810c721dd748bed1c80a109a076) Importer(2089858483,192608db42251d675da83286b1cce702)
Start importing Assets/Viking Village/Book of the Dead/Vegetation/Plant_Perennials/PH_Plant_Perennials_a4_1x1x0.FBX using Guid(67299810c721dd748bed1c80a109a076) Importer(2089858483,192608db42251d675da83286b1cce702) (ScriptedImporter) -> (artifact id: '1ba39ccaea18879a66fbf04cd4e00ad9') in 0.0329977 seconds
Number of updated asset objects reloaded before import = 0Number of asset objects unloaded after import = 20

========================================================================
Received Import Request.
  Time since last request: 0.000030 seconds.
  path: Assets/SmoothFollowCamera.cs
  artifactKey: Guid(8471a9212054beb419fe4c0af4791da8) Importer(2089858483,192608db42251d675da83286b1cce702)
Start importing Assets/SmoothFollowCamera.cs using Guid(8471a9212054beb419fe4c0af4791da8) Importer(2089858483,192608db42251d675da83286b1cce702) (ScriptedImporter) -> (artifact id: 'b3007b1b3c4c1476436efba29bfe2bf9') in 0.0235366 seconds
Number of updated asset objects reloaded before import = 0Number of asset objects unloaded after import = 0

========================================================================
Received Import Request.
  Time since last request: 0.000027 seconds.
  path: Assets/Viking Village/Models/Props/prop_plankpile_02.fbx
  artifactKey: Guid(f2050ce2283674dea97216f291a2aaad) Importer(2089858483,192608db42251d675da83286b1cce702)
Start importing Assets/Viking Village/Models/Props/prop_plankpile_02.fbx using Guid(f2050ce2283674dea97216f291a2aaad) Importer(2089858483,192608db42251d675da83286b1cce702) (ScriptedImporter) -> (artifact id: '4b0d5d41158b27a2d8f1ffcc6b6c7073') in 0.0467689 seconds
Number of updated asset objects reloaded before import = 0Number of asset objects unloaded after import = 8

========================================================================
Received Import Request.
  Time since last request: 0.000021 seconds.
  path: Assets/Viking Village/Boat Attack Water System/Shaders/CommonUtilities.hlsl
  artifactKey: Guid(74c950d64fbb9465c9dd5b5d9800f9f5) Importer(2089858483,192608db42251d675da83286b1cce702)
Start importing Assets/Viking Village/Boat Attack Water System/Shaders/CommonUtilities.hlsl using Guid(74c950d64fbb9465c9dd5b5d9800f9f5) Importer(2089858483,192608db42251d675da83286b1cce702) (ScriptedImporter) -> (artifact id: '5998582ffd4d645c22e57f12844868d2') in 0.0378971 seconds
Number of updated asset objects reloaded before import = 0Number of asset objects unloaded after import = 1

========================================================================
Received Import Request.
  Time since last request: 0.000017 seconds.
  path: Assets/Viking Village/Book of the Dead/Vegetation/Ferns/Materials/Ferns_Normal.tif
  artifactKey: Guid(8cb2914aba3e5d545bb189195869f9f4) Importer(2089858483,192608db42251d675da83286b1cce702)
Start importing Assets/Viking Village/Book of the Dead/Vegetation/Ferns/Materials/Ferns_Normal.tif using Guid(8cb2914aba3e5d545bb189195869f9f4) Importer(2089858483,192608db42251d675da83286b1cce702) (ScriptedImporter) -> (artifact id: '03e228f067b1a7f2d9b73e7eb0e7de1d') in 0.0275074 seconds
Number of updated asset objects reloaded before import = 0Number of asset objects unloaded after import = 1

========================================================================
Received Import Request.
  Time since last request: 0.000023 seconds.
  path: Assets/Viking Village/Boat Attack Water System/Meshes/InfiniteSea.fbx
  artifactKey: Guid(0694fda6617df4cd6a3d240f5eeb580b) Importer(2089858483,192608db42251d675da83286b1cce702)
Start importing Assets/Viking Village/Boat Attack Water System/Meshes/InfiniteSea.fbx using Guid(0694fda6617df4cd6a3d240f5eeb580b) Importer(2089858483,192608db42251d675da83286b1cce702) (ScriptedImporter) -> (artifact id: '3eb0dc9b81f5d48b5da0471c35dc285d') in 0.0549199 seconds
Number of updated asset objects reloaded before import = 0Number of asset objects unloaded after import = 8

========================================================================
Received Import Request.
  Time since last request: 0.000038 seconds.
  path: Assets/Viking Village/Models/Terrain/terrain_01.fbx
  artifactKey: Guid(11b6c022ca54ae4428be5a16a816c940) Importer(2089858483,192608db42251d675da83286b1cce702)
Start importing Assets/Viking Village/Models/Terrain/terrain_01.fbx using Guid(11b6c022ca54ae4428be5a16a816c940) Importer(2089858483,192608db42251d675da83286b1cce702) (ScriptedImporter) -> (artifact id: '573684d1324d0193918599540a0c0d28') in 0.0405795 seconds
Number of updated asset objects reloaded before import = 0Number of asset objects unloaded after import = 14

========================================================================
Received Import Request.
  Time since last request: 0.000019 seconds.
  path: Assets/Viking Village/Book of the Dead/Vegetation/MeadowGrass_01/Meadow_Grass_01_Var3.FBX
  artifactKey: Guid(4369dff717b9ee9408e4884f8ae72e33) Importer(2089858483,192608db42251d675da83286b1cce702)
Start importing Assets/Viking Village/Book of the Dead/Vegetation/MeadowGrass_01/Meadow_Grass_01_Var3.FBX using Guid(4369dff717b9ee9408e4884f8ae72e33) Importer(2089858483,192608db42251d675da83286b1cce702) (ScriptedImporter) -> (artifact id: '86b8e6b6a317a6b3498ee2ab87aecd2a') in 0.0520551 seconds
Number of updated asset objects reloaded before import = 0Number of asset objects unloaded after import = 20

========================================================================
Received Import Request.
  Time since last request: 0.000019 seconds.
  path: Assets/Viking Village/Boat Attack Water System/Meshes
  artifactKey: Guid(bc33e2c6cda7143a3b9bd922abb88865) Importer(2089858483,192608db42251d675da83286b1cce702)
Start importing Assets/Viking Village/Boat Attack Water System/Meshes using Guid(bc33e2c6cda7143a3b9bd922abb88865) Importer(2089858483,192608db42251d675da83286b1cce702) (ScriptedImporter) -> (artifact id: '959f8243394e6184f37f9fa8baf44f13') in 0.0262463 seconds
Number of updated asset objects reloaded before import = 0Number of asset objects unloaded after import = 1

========================================================================
Received Import Request.
  Time since last request: 0.000018 seconds.
  path: Assets/Viking Village/Models/Props/Materials/mat_fish_01.mat
  artifactKey: Guid(5fbac62edce625241a6df561fbcffb74) Importer(2089858483,192608db42251d675da83286b1cce702)
Start importing Assets/Viking Village/Models/Props/Materials/mat_fish_01.mat using Guid(5fbac62edce625241a6df561fbcffb74) Importer(2089858483,192608db42251d675da83286b1cce702) (ScriptedImporter) -> (artifact id: 'c72a3c559dce57c9210a88399cefbc47') in 0.0437147 seconds
Number of updated asset objects reloaded before import = 0Number of asset objects unloaded after import = 4

========================================================================
Received Import Request.
  Time since last request: 0.000035 seconds.
  path: Assets/Viking Village/Models/Props/prop_fence_02_quad.fbx
  artifactKey: Guid(3e1e7749014834df5aa43543fc0fc595) Importer(2089858483,192608db42251d675da83286b1cce702)
Start importing Assets/Viking Village/Models/Props/prop_fence_02_quad.fbx using Guid(3e1e7749014834df5aa43543fc0fc595) Importer(2089858483,192608db42251d675da83286b1cce702) (ScriptedImporter) -> (artifact id: 'f4bc9caa8934397644ee199c2fff653b') in 0.0490052 seconds
Number of updated asset objects reloaded before import = 0Number of asset objects unloaded after import = 8

========================================================================
Received Import Request.
  Time since last request: 0.000022 seconds.
  path: Assets/Viking Village/Models/Terrain/Materials
  artifactKey: Guid(62e7ec5a8a3f04f1e9884908d2f97c6f) Importer(2089858483,192608db42251d675da83286b1cce702)
Start importing Assets/Viking Village/Models/Terrain/Materials using Guid(62e7ec5a8a3f04f1e9884908d2f97c6f) Importer(2089858483,192608db42251d675da83286b1cce702) (ScriptedImporter) -> (artifact id: 'a954366db3ce62f9a5bacc5f674fb177') in 0.0228483 seconds
Number of updated asset objects reloaded before import = 0Number of asset objects unloaded after import = 1

========================================================================
Received Import Request.
  Time since last request: 0.000017 seconds.
  path: Assets/Viking Village/Models/Props/Materials/mat_fence_02.mat
  artifactKey: Guid(54452d899fbb3dd4198aa5daab30a2c0) Importer(2089858483,192608db42251d675da83286b1cce702)
Start importing Assets/Viking Village/Models/Props/Materials/mat_fence_02.mat using Guid(54452d899fbb3dd4198aa5daab30a2c0) Importer(2089858483,192608db42251d675da83286b1cce702) (ScriptedImporter) -> (artifact id: 'e7043a2b560631c044195b2cbc213cd1') in 0.0473586 seconds
Number of updated asset objects reloaded before import = 0Number of asset objects unloaded after import = 10

========================================================================
Received Import Request.
  Time since last request: 0.000025 seconds.
  path: Assets/Viking Village/Models/Vegetation/Materials
  artifactKey: Guid(baef2dd6c260e43aa9af37a581a0752d) Importer(2089858483,192608db42251d675da83286b1cce702)
Start importing Assets/Viking Village/Models/Vegetation/Materials using Guid(baef2dd6c260e43aa9af37a581a0752d) Importer(2089858483,192608db42251d675da83286b1cce702) (ScriptedImporter) -> (artifact id: '64ce0ee2a45301a6921f8c47aba4b784') in 0.021158 seconds
Number of updated asset objects reloaded before import = 0Number of asset objects unloaded after import = 1

========================================================================
Received Import Request.
  Time since last request: 0.000035 seconds.
  path: Assets/Viking Village/Models/Props/Materials/mat_shieldmenhirswordshovelhalberdfish_01.mat
  artifactKey: Guid(8926383972dd647b9aaabefee7f5ad5c) Importer(2089858483,192608db42251d675da83286b1cce702)
Start importing Assets/Viking Village/Models/Props/Materials/mat_shieldmenhirswordshovelhalberdfish_01.mat using Guid(8926383972dd647b9aaabefee7f5ad5c) Importer(2089858483,192608db42251d675da83286b1cce702) (ScriptedImporter) -> (artifact id: '405a6bd2a886a22eadae3b30fb5996d0') in 0.1029682 seconds
Number of updated asset objects reloaded before import = 0Number of asset objects unloaded after import = 9

========================================================================
Received Import Request.
  Time since last request: 0.000020 seconds.
  path: Assets/Viking Village/Book of the Dead/Vegetation/BroadleafShrub_01
  artifactKey: Guid(0a6fe51a781cdd440b809ccd81ba8779) Importer(2089858483,192608db42251d675da83286b1cce702)
Start importing Assets/Viking Village/Book of the Dead/Vegetation/BroadleafShrub_01 using Guid(0a6fe51a781cdd440b809ccd81ba8779) Importer(2089858483,192608db42251d675da83286b1cce702) (ScriptedImporter) -> (artifact id: '943d37892b8b18fb36030a9c71257ebf') in 0.0268136 seconds
Number of updated asset objects reloaded before import = 0Number of asset objects unloaded after import = 1

========================================================================
Received Import Request.
  Time since last request: 0.000019 seconds.
  path: Assets/Viking Village/Book of the Dead/Vegetation/BroadleafShrub_01/Materials/Broadleaf_Shrub_01_MaskMap.tif
  artifactKey: Guid(2ab7032a9caf5324489bb1d8ff18725d) Importer(2089858483,192608db42251d675da83286b1cce702)
Start importing Assets/Viking Village/Book of the Dead/Vegetation/BroadleafShrub_01/Materials/Broadleaf_Shrub_01_MaskMap.tif using Guid(2ab7032a9caf5324489bb1d8ff18725d) Importer(2089858483,192608db42251d675da83286b1cce702) (ScriptedImporter) -> (artifact id: '0a3dbebabe99fe7dbe5f791cb4c6f8bf') in 0.0269414 seconds
Number of updated asset objects reloaded before import = 0Number of asset objects unloaded after import = 1

========================================================================
Received Import Request.
  Time since last request: 0.000031 seconds.
  path: Assets/Viking Village/Boat Attack Water System
  artifactKey: Guid(ca58419b7004680499914943bcc8973e) Importer(2089858483,192608db42251d675da83286b1cce702)
Start importing Assets/Viking Village/Boat Attack Water System using Guid(ca58419b7004680499914943bcc8973e) Importer(2089858483,192608db42251d675da83286b1cce702) (ScriptedImporter) -> (artifact id: '4cceac60d6d63d803a44ac83ff945074') in 0.0272957 seconds
Number of updated asset objects reloaded before import = 0Number of asset objects unloaded after import = 1

========================================================================
Received Import Request.
  Time since last request: 0.000018 seconds.
  path: Assets/Viking Village/Book of the Dead/Vegetation/Plant_Perennials/PH_Plant_Perennials_a2_1x1x2_B_Prefab.prefab
  artifactKey: Guid(95cf8b79f70bffc4fabde5c6854002ac) Importer(2089858483,192608db42251d675da83286b1cce702)
Start importing Assets/Viking Village/Book of the Dead/Vegetation/Plant_Perennials/PH_Plant_Perennials_a2_1x1x2_B_Prefab.prefab using Guid(95cf8b79f70bffc4fabde5c6854002ac) Importer(2089858483,192608db42251d675da83286b1cce702) (ScriptedImporter) -> (artifact id: '6d302e62f493f079a40ffe75d083b992') in 0.0326303 seconds
Number of updated asset objects reloaded before import = 0Number of asset objects unloaded after import = 20

========================================================================
Received Import Request.
  Time since last request: 0.000018 seconds.
  path: Assets/Viking Village/Boat Attack Water System/Shaders/InfiniteWater.shader
  artifactKey: Guid(5f51d4f8f480441339ead24ab495af7d) Importer(2089858483,192608db42251d675da83286b1cce702)
Start importing Assets/Viking Village/Boat Attack Water System/Shaders/InfiniteWater.shader using Guid(5f51d4f8f480441339ead24ab495af7d) Importer(2089858483,192608db42251d675da83286b1cce702) (ScriptedImporter) -> (artifact id: '7294ea5925d8b1e57ed014586ad5171a') in 0.0300188 seconds
Number of updated asset objects reloaded before import = 0Number of asset objects unloaded after import = 1

========================================================================
Received Import Request.
  Time since last request: 0.000020 seconds.
  path: Assets/Viking Village/Models/Props/Materials/mat_boardwalk_01.mat
  artifactKey: Guid(5c6131c06f10d2a4289ab90a88d100d5) Importer(2089858483,192608db42251d675da83286b1cce702)
Start importing Assets/Viking Village/Models/Props/Materials/mat_boardwalk_01.mat using Guid(5c6131c06f10d2a4289ab90a88d100d5) Importer(2089858483,192608db42251d675da83286b1cce702) (ScriptedImporter) -> (artifact id: '82fdfda0b2d72b893046fb49286eee80') in 0.0363044 seconds
Number of updated asset objects reloaded before import = 0Number of asset objects unloaded after import = 9

========================================================================
Received Import Request.
  Time since last request: 0.000038 seconds.
  path: Assets/Viking Village/Book of the Dead/Vegetation/GreenBush/Materials/GreenBush_Albedo_Opacity.tif
  artifactKey: Guid(e6ccf8d1203b9f648857239dc80a0bbf) Importer(2089858483,192608db42251d675da83286b1cce702)
Start importing Assets/Viking Village/Book of the Dead/Vegetation/GreenBush/Materials/GreenBush_Albedo_Opacity.tif using Guid(e6ccf8d1203b9f648857239dc80a0bbf) Importer(2089858483,192608db42251d675da83286b1cce702) (ScriptedImporter) -> (artifact id: '5536cfb6cc49d63eb45829dd6ed640ea') in 0.0288974 seconds
Number of updated asset objects reloaded before import = 0Number of asset objects unloaded after import = 1

========================================================================
Received Import Request.
  Time since last request: 0.000025 seconds.
  path: Assets/Viking Village/Boat Attack Water System/package.json
  artifactKey: Guid(11a6c4f1e40e049829d2c6b1f393bf8b) Importer(2089858483,192608db42251d675da83286b1cce702)
Start importing Assets/Viking Village/Boat Attack Water System/package.json using Guid(11a6c4f1e40e049829d2c6b1f393bf8b) Importer(2089858483,192608db42251d675da83286b1cce702) (ScriptedImporter) -> (artifact id: '0beddfba5d8614db75fd7a4019bfe4dd') in 0.0306218 seconds
Number of updated asset objects reloaded before import = 0Number of asset objects unloaded after import = 1

========================================================================
Received Import Request.
  Time since last request: 0.000017 seconds.
  path: Assets/Viking Village/Models/Props/Materials/mat_shield_03.mat
  artifactKey: Guid(98f04046d976e394d9c3054d486e565c) Importer(2089858483,192608db42251d675da83286b1cce702)
Start importing Assets/Viking Village/Models/Props/Materials/mat_shield_03.mat using Guid(98f04046d976e394d9c3054d486e565c) Importer(2089858483,192608db42251d675da83286b1cce702) (ScriptedImporter) -> (artifact id: '5708921edb8b57884f3fab90a23d71a1') in 0.0432634 seconds
Number of updated asset objects reloaded before import = 0Number of asset objects unloaded after import = 9

========================================================================
Received Import Request.
  Time since last request: 0.000022 seconds.
  path: Assets/Viking Village/Boat Attack Water System/Shaders/WaterTessellated.shader
  artifactKey: Guid(4d4deeba0d8a64503964c2f653931109) Importer(2089858483,192608db42251d675da83286b1cce702)
Start importing Assets/Viking Village/Boat Attack Water System/Shaders/WaterTessellated.shader using Guid(4d4deeba0d8a64503964c2f653931109) Importer(2089858483,192608db42251d675da83286b1cce702) (ScriptedImporter) -> (artifact id: '4d822b4894e1851585a4e97cbeac730d') in 0.0274957 seconds
Number of updated asset objects reloaded before import = 0Number of asset objects unloaded after import = 2

========================================================================
Received Import Request.
  Time since last request: 0.000029 seconds.
  path: Assets/Viking Village/Models/Props/Materials
  artifactKey: Guid(2b15134e3cffb4026896febb3f20b18c) Importer(2089858483,192608db42251d675da83286b1cce702)
Start importing Assets/Viking Village/Models/Props/Materials using Guid(2b15134e3cffb4026896febb3f20b18c) Importer(2089858483,192608db42251d675da83286b1cce702) (ScriptedImporter) -> (artifact id: '4a66c15475f077395a14f44fbf044e62') in 0.0279406 seconds
Number of updated asset objects reloaded before import = 0Number of asset objects unloaded after import = 1

========================================================================
Received Import Request.
  Time since last request: 0.000015 seconds.
  path: Assets/Viking Village/Boat Attack Water System/Shaders/WaterInput.hlsl
  artifactKey: Guid(b63d1585d6c8e4834994e9494b1ac4fc) Importer(2089858483,192608db42251d675da83286b1cce702)
Start importing Assets/Viking Village/Boat Attack Water System/Shaders/WaterInput.hlsl using Guid(b63d1585d6c8e4834994e9494b1ac4fc) Importer(2089858483,192608db42251d675da83286b1cce702) (ScriptedImporter) -> (artifact id: '2f17b40a99422cff37a1ccce5b71c0a9') in 0.0388161 seconds
Number of updated asset objects reloaded before import = 0Number of asset objects unloaded after import = 1

========================================================================
Received Prepare
ETC Legacy compression has been deprecated and will be removed in a future release. You can review compressors in "Project Settings > Editor > Texture Compressors".
Begin MonoManager ReloadAssembly
[Licensing::Client] Successfully resolved entitlement details
- Loaded All Assemblies, in  0.741 seconds
Refreshing native plugins compatible for Editor in 1.26 ms, found 3 plugins.
Native extension for Android target not found
Native extension for WindowsStandalone target not found
[Package Manager] Failed to launch server process. Reason: Unity was launched with the -noUpm command-line argument
[Package Manager] Unable to send message (not connected to server process).
[Package Manager] Cannot connect to Unity Package Manager local server
Mono: successfully reloaded assembly
- Finished resetting the current domain, in  0.835 seconds
Domain Reload Profiling: 1575ms
	BeginReloadAssembly (208ms)
		ExecutionOrderSort (0ms)
		DisableScriptedObjects (6ms)
		BackupInstance (0ms)
		ReleaseScriptingObjects (0ms)
		CreateAndSetChildDomain (61ms)
	RebuildCommonClasses (43ms)
	RebuildNativeTypeToScriptingClass (11ms)
	initialDomainReloadingComplete (31ms)
	LoadAllAssembliesAndSetupDomain (448ms)
		LoadAssemblies (335ms)
		RebuildTransferFunctionScriptingTraits (0ms)
		AnalyzeDomain (186ms)
			TypeCache.Refresh (7ms)
				TypeCache.ScanAssembly (0ms)
			BuildScriptInfoCaches (163ms)
			ResolveRequiredComponents (11ms)
	FinalizeReload (836ms)
		ReleaseScriptCaches (0ms)
		RebuildScriptCaches (0ms)
		SetupLoadedEditorAssemblies (626ms)
			LogAssemblyErrors (0ms)
			InitializePlatformSupportModulesInManaged (13ms)
			SetLoadedEditorAssemblies (3ms)
			BeforeProcessingInitializeOnLoad (150ms)
			ProcessInitializeOnLoadAttributes (381ms)
			ProcessInitializeOnLoadMethodAttributes (68ms)
			AfterProcessingInitializeOnLoad (9ms)
			EditorAssembliesLoaded (0ms)
		ExecutionOrderSort2 (0ms)
		AwakeInstancesAfterBackupRestoration (25ms)
Refreshing native plugins compatible for Editor in 1.83 ms, found 3 plugins.
Preloading 0 native plugins for Editor in 0.00 ms.
Unloading 15 Unused Serialized files (Serialized files now loaded: 0)
Unloading 6151 unused Assets / (4.8 MB). Loaded Objects now: 6917.
Memory consumption went from 214.1 MB to 209.4 MB.
Total: 10.286800 ms (FindLiveObjects: 0.672600 ms CreateObjectMapping: 0.770700 ms MarkObjects: 5.548900 ms  DeleteObjects: 3.292800 ms)

Prepare: number of updated asset objects reloaded= 0
========================================================================
Received Prepare
ETC Legacy compression has been deprecated and will be removed in a future release. You can review compressors in "Project Settings > Editor > Texture Compressors".
Begin MonoManager ReloadAssembly
[Licensing::Client] Successfully resolved entitlement details
- Loaded All Assemblies, in  0.663 seconds
Refreshing native plugins compatible for Editor in 0.98 ms, found 3 plugins.
Native extension for Android target not found
Native extension for WindowsStandalone target not found
[Package Manager] Failed to launch server process. Reason: Unity was launched with the -noUpm command-line argument
[Package Manager] Unable to send message (not connected to server process).
[Package Manager] Cannot connect to Unity Package Manager local server
Mono: successfully reloaded assembly
- Finished resetting the current domain, in  0.730 seconds
Domain Reload Profiling: 1394ms
	BeginReloadAssembly (186ms)
		ExecutionOrderSort (0ms)
		DisableScriptedObjects (8ms)
		BackupInstance (0ms)
		ReleaseScriptingObjects (0ms)
		CreateAndSetChildDomain (46ms)
	RebuildCommonClasses (33ms)
	RebuildNativeTypeToScriptingClass (11ms)
	initialDomainReloadingComplete (35ms)
	LoadAllAssembliesAndSetupDomain (399ms)
		LoadAssemblies (285ms)
		RebuildTransferFunctionScriptingTraits (0ms)
		AnalyzeDomain (181ms)
			TypeCache.Refresh (7ms)
				TypeCache.ScanAssembly (0ms)
			BuildScriptInfoCaches (161ms)
			ResolveRequiredComponents (9ms)
	FinalizeReload (731ms)
		ReleaseScriptCaches (0ms)
		RebuildScriptCaches (0ms)
		SetupLoadedEditorAssemblies (550ms)
			LogAssemblyErrors (0ms)
			InitializePlatformSupportModulesInManaged (17ms)
			SetLoadedEditorAssemblies (3ms)
			BeforeProcessingInitializeOnLoad (124ms)
			ProcessInitializeOnLoadAttributes (347ms)
			ProcessInitializeOnLoadMethodAttributes (55ms)
			AfterProcessingInitializeOnLoad (5ms)
			EditorAssembliesLoaded (0ms)
		ExecutionOrderSort2 (0ms)
		AwakeInstancesAfterBackupRestoration (21ms)
Refreshing native plugins compatible for Editor in 2.73 ms, found 3 plugins.
Preloading 0 native plugins for Editor in 0.00 ms.
Unloading 15 Unused Serialized files (Serialized files now loaded: 0)
Unloading 6150 unused Assets / (5.1 MB). Loaded Objects now: 6919.
Memory consumption went from 214.2 MB to 209.1 MB.
Total: 10.717000 ms (FindLiveObjects: 0.767500 ms CreateObjectMapping: 1.081900 ms MarkObjects: 5.312200 ms  DeleteObjects: 3.553500 ms)

Prepare: number of updated asset objects reloaded= 0
========================================================================
Received Prepare
ETC Legacy compression has been deprecated and will be removed in a future release. You can review compressors in "Project Settings > Editor > Texture Compressors".
Begin MonoManager ReloadAssembly
[Licensing::Client] Successfully resolved entitlement details
- Loaded All Assemblies, in  0.663 seconds
Refreshing native plugins compatible for Editor in 1.05 ms, found 3 plugins.
Native extension for Android target not found
Native extension for WindowsStandalone target not found
[Package Manager] Failed to launch server process. Reason: Unity was launched with the -noUpm command-line argument
[Package Manager] Unable to send message (not connected to server process).
[Package Manager] Cannot connect to Unity Package Manager local server
Mono: successfully reloaded assembly
- Finished resetting the current domain, in  0.729 seconds
Domain Reload Profiling: 1391ms
	BeginReloadAssembly (181ms)
		ExecutionOrderSort (0ms)
		DisableScriptedObjects (5ms)
		BackupInstance (0ms)
		ReleaseScriptingObjects (0ms)
		CreateAndSetChildDomain (49ms)
	RebuildCommonClasses (32ms)
	RebuildNativeTypeToScriptingClass (12ms)
	initialDomainReloadingComplete (28ms)
	LoadAllAssembliesAndSetupDomain (409ms)
		LoadAssemblies (306ms)
		RebuildTransferFunctionScriptingTraits (0ms)
		AnalyzeDomain (168ms)
			TypeCache.Refresh (6ms)
				TypeCache.ScanAssembly (0ms)
			BuildScriptInfoCaches (148ms)
			ResolveRequiredComponents (10ms)
	FinalizeReload (729ms)
		ReleaseScriptCaches (0ms)
		RebuildScriptCaches (0ms)
		SetupLoadedEditorAssemblies (550ms)
			LogAssemblyErrors (0ms)
			InitializePlatformSupportModulesInManaged (9ms)
			SetLoadedEditorAssemblies (3ms)
			BeforeProcessingInitializeOnLoad (140ms)
			ProcessInitializeOnLoadAttributes (338ms)
			ProcessInitializeOnLoadMethodAttributes (54ms)
			AfterProcessingInitializeOnLoad (6ms)
			EditorAssembliesLoaded (0ms)
		ExecutionOrderSort2 (0ms)
		AwakeInstancesAfterBackupRestoration (21ms)
Refreshing native plugins compatible for Editor in 1.87 ms, found 3 plugins.
Preloading 0 native plugins for Editor in 0.00 ms.
Unloading 15 Unused Serialized files (Serialized files now loaded: 0)
Unloading 6150 unused Assets / (5.0 MB). Loaded Objects now: 6921.
Memory consumption went from 214.2 MB to 209.2 MB.
Total: 13.172200 ms (FindLiveObjects: 1.182600 ms CreateObjectMapping: 1.155600 ms MarkObjects: 5.656300 ms  DeleteObjects: 5.174800 ms)

Prepare: number of updated asset objects reloaded= 0
